-- phpMyAdmin SQL Dump
-- version 5.2.2
-- https://www.phpmyadmin.net/
--
-- Host: localhost:3306
-- Generation Time: Dec 11, 2025 at 12:11 AM
-- Server version: 10.11.14-MariaDB-cll-lve
-- PHP Version: 8.4.14

SET SQL_MODE = "NO_AUTO_VALUE_ON_ZERO";
START TRANSACTION;
SET time_zone = "+00:00";


/*!40101 SET @OLD_CHARACTER_SET_CLIENT=@@CHARACTER_SET_CLIENT */;
/*!40101 SET @OLD_CHARACTER_SET_RESULTS=@@CHARACTER_SET_RESULTS */;
/*!40101 SET @OLD_COLLATION_CONNECTION=@@COLLATION_CONNECTION */;
/*!40101 SET NAMES utf8mb4 */;

--
-- Database: `prasowla_moi_master`
--

-- --------------------------------------------------------

--
-- Table structure for table `gp_moi_admin_master`
--

CREATE TABLE `gp_moi_admin_master` (
  `id` int(10) NOT NULL,
  `username` varchar(50) NOT NULL,
  `password` varchar(100) NOT NULL,
  `email` varchar(75) NOT NULL,
  `mobile` varchar(10) NOT NULL,
  `create_dt` timestamp NOT NULL DEFAULT current_timestamp(),
  `update_dt` timestamp NOT NULL DEFAULT current_timestamp() ON UPDATE current_timestamp(),
  `active` char(1) NOT NULL DEFAULT 'Y'
) ENGINE=InnoDB DEFAULT CHARSET=utf8mb4 COLLATE=utf8mb4_general_ci;

--
-- Dumping data for table `gp_moi_admin_master`
--

INSERT INTO `gp_moi_admin_master` (`id`, `username`, `password`, `email`, `mobile`, `create_dt`, `update_dt`, `active`) VALUES
(1, 'gpdhanush', 'Renzo@1995', 'agprakash406@gmail.com', '7845456609', '2025-01-06 01:37:38', '2025-01-06 01:37:38', 'Y');

-- --------------------------------------------------------

--
-- Table structure for table `gp_moi_credit_debit_master`
--

CREATE TABLE `gp_moi_credit_debit_master` (
  `mcd_id` int(10) NOT NULL,
  `mcd_um_id` int(10) NOT NULL,
  `mcd_person_id` int(10) NOT NULL,
  `mcd_first_name` varchar(100) DEFAULT NULL,
  `mcd_second_name` varchar(100) DEFAULT NULL,
  `mcd_city` varchar(100) DEFAULT NULL,
  `mcd_function_id` int(10) NOT NULL,
  `mcd_type` varchar(20) NOT NULL COMMENT 'INVEST / RETURN',
  `mcd_mode` varchar(20) NOT NULL COMMENT 'MONEY / THINGS',
  `mcd_date` date NOT NULL,
  `mcd_amount` decimal(10,2) NOT NULL DEFAULT 0.00,
  `mcd_remarks` varchar(250) DEFAULT NULL,
  `mcd_create_dt` timestamp NOT NULL DEFAULT current_timestamp(),
  `mcd_update_dt` timestamp NOT NULL DEFAULT current_timestamp() ON UPDATE current_timestamp(),
  `mcd_active` char(1) NOT NULL DEFAULT 'Y'
) ENGINE=InnoDB DEFAULT CHARSET=utf8mb4 COLLATE=utf8mb4_general_ci;

--
-- Dumping data for table `gp_moi_credit_debit_master`
--

INSERT INTO `gp_moi_credit_debit_master` (`mcd_id`, `mcd_um_id`, `mcd_person_id`, `mcd_first_name`, `mcd_second_name`, `mcd_city`, `mcd_function_id`, `mcd_type`, `mcd_mode`, `mcd_date`, `mcd_amount`, `mcd_remarks`, `mcd_create_dt`, `mcd_update_dt`, `mcd_active`) VALUES
(3, 55, 2, 'Kunjaan', 'GNANA PRAKASAM', 'Dindigul', 34, 'RETURN', 'MONEY', '2025-12-10', 500.00, NULL, '2025-12-09 18:57:39', '2025-12-09 18:57:39', 'Y'),
(4, 55, 2, 'Kirena', 'GNANA PRAKASAM', 'Dindigul', 13, 'INVEST', 'MONEY', '2025-12-10', 600.00, NULL, '2025-12-09 18:58:51', '2025-12-09 18:58:51', 'Y'),
(5, 55, 2, 'First Name', 'secondName', 'Didigul', 3, 'RETURN', 'MONEY', '2023-05-24', 1000.00, 'செங்கோட்டை', '2025-12-09 19:00:05', '2025-12-09 20:48:46', 'Y'),
(27, 1, 7, 'tedf', NULL, 'xfr', 3, 'RETURN', 'MONEY', '2025-12-10', 500.00, NULL, '2025-12-09 23:33:26', '2025-12-09 23:33:26', 'Y'),
(28, 1, 8, 'ஜேம்ஸ்', 'ஜெயமணி', 'வடக்கு மேட்டுப்பட்டி', 13, 'RETURN', 'MONEY', '2025-12-10', 9500.00, 'இனிமேல் கல்யாணம்', '2025-12-10 04:18:58', '2025-12-10 04:18:58', 'Y'),
(29, 1, 9, 'முருகேஸ்வரி', NULL, 'முத்தனம் பட்டி', 4, 'INVEST', 'MONEY', '2025-10-15', 9500.00, 'புதிய குறிப்புகள்', '2025-12-10 04:22:32', '2025-12-10 04:22:32', 'Y'),
(30, 1, 8, 'ஜேம்ஸ்', 'ஜெயமணி', 'வடக்கு மேட்டுப்பட்டி', 13, 'INVEST', 'MONEY', '2025-12-10', 560.00, NULL, '2025-12-10 04:41:35', '2025-12-10 04:41:35', 'Y'),
(34, 1, 10, 'Prakash', 'Sowndarya', 'DIndigul', 11, 'RETURN', 'MONEY', '2025-12-10', 500.00, NULL, '2025-12-10 04:47:10', '2025-12-10 04:47:10', 'Y'),
(35, 1, 10, 'Prakash', 'Sowndarya', 'DIndigul', 13, 'INVEST', 'MONEY', '2025-12-10', 650.00, NULL, '2025-12-10 05:13:10', '2025-12-10 05:13:10', 'Y'),
(36, 1, 7, 'கிருபா', 'ஞானபிரகாசம்', 'முருக பவனம்', 7, 'INVEST', 'MONEY', '2025-12-10', 600.00, NULL, '2025-12-10 05:20:50', '2025-12-10 05:20:50', 'Y'),
(37, 1, 7, 'கிருபா', 'ஞானபிரகாசம்', 'முருக பவனம்', 11, 'RETURN', 'MONEY', '2025-12-10', 655.00, NULL, '2025-12-10 05:20:59', '2025-12-10 05:20:59', 'Y'),
(38, 1, 7, 'கிருபா', 'ஞானபிரகாசம்', 'முருக பவனம்', 5, 'INVEST', 'MONEY', '2025-12-10', 6000.00, NULL, '2025-12-10 05:21:09', '2025-12-10 05:21:09', 'Y'),
(39, 1, 10, 'Prakash', 'Sowndarya', 'DIndigul', 7, 'INVEST', 'MONEY', '2025-12-10', 100.00, NULL, '2025-12-10 05:22:03', '2025-12-10 05:22:03', 'Y'),
(40, 1, 10, 'Prakash', 'Sowndarya', 'DIndigul', 5, 'RETURN', 'MONEY', '2025-12-10', 800.00, NULL, '2025-12-10 05:22:13', '2025-12-10 05:22:13', 'Y'),
(41, 1, 10, 'Prakash', 'Sowndarya', 'DIndigul', 7, 'RETURN', 'MONEY', '2025-12-10', 100.00, NULL, '2025-12-10 05:22:42', '2025-12-10 05:22:42', 'Y'),
(42, 1, 10, 'Prakash', 'Sowndarya', 'DIndigul', 7, 'RETURN', 'MONEY', '2025-12-10', 200.00, NULL, '2025-12-10 05:22:51', '2025-12-10 05:22:51', 'Y'),
(43, 1, 10, 'Prakash', 'Sowndarya', 'DIndigul', 5, 'INVEST', 'MONEY', '2025-12-10', 1111.00, NULL, '2025-12-10 05:23:05', '2025-12-10 05:23:05', 'Y');

-- --------------------------------------------------------

--
-- Table structure for table `gp_moi_default_functions`
--

CREATE TABLE `gp_moi_default_functions` (
  `mdf_id` int(10) NOT NULL,
  `mdf_um_id` int(10) NOT NULL,
  `mdf_name` varchar(150) NOT NULL,
  `mdf_create_dt` timestamp NOT NULL DEFAULT current_timestamp(),
  `mdf_update_dt` timestamp NOT NULL DEFAULT current_timestamp() ON UPDATE current_timestamp(),
  `mdf_active` char(1) NOT NULL DEFAULT 'Y'
) ENGINE=InnoDB DEFAULT CHARSET=utf8mb4 COLLATE=utf8mb4_general_ci;

--
-- Dumping data for table `gp_moi_default_functions`
--

INSERT INTO `gp_moi_default_functions` (`mdf_id`, `mdf_um_id`, `mdf_name`, `mdf_create_dt`, `mdf_update_dt`, `mdf_active`) VALUES
(1, 0, 'திருமண நிச்சயதார்த்த விழா', '2025-12-07 12:28:53', '2025-12-07 12:28:53', 'Y'),
(2, 0, 'நிச்சயதார்த்த விழா', '2025-12-07 12:28:53', '2025-12-07 12:28:53', 'Y'),
(3, 0, 'இல்ல காதணி விழா', '2025-12-07 12:28:53', '2025-12-07 12:28:53', 'Y'),
(4, 0, 'வளைகாப்பு விழா', '2025-12-07 12:28:53', '2025-12-07 12:28:53', 'Y'),
(5, 0, 'இல்ல பூப்புனித நீராட்டு விழா', '2025-12-07 12:28:53', '2025-12-07 12:28:53', 'Y'),
(7, 0, 'இல்ல புதுமனை புகுவிழா', '2025-12-07 12:28:53', '2025-12-07 12:28:53', 'Y'),
(9, 0, 'மொய் விருந்து விழா', '2025-12-07 12:28:53', '2025-12-07 12:28:53', 'Y'),
(11, 0, 'கிடா வெட்டு விழா', '2025-12-07 12:28:53', '2025-12-07 12:28:53', 'Y'),
(13, 0, 'இல்ல திருமண விழா', '2025-12-07 12:28:53', '2025-12-07 12:28:53', 'Y'),
(23, 0, 'நிக்காஹ் திருமண விழா', '2025-12-07 12:28:53', '2025-12-07 12:28:53', 'Y'),
(34, 0, 'புதிய கட்டிட திறப்பு விழா', '2025-12-07 12:28:53', '2025-12-07 12:28:53', 'Y');

-- --------------------------------------------------------

--
-- Table structure for table `gp_moi_employee_master`
--

CREATE TABLE `gp_moi_employee_master` (
  `em_id` int(10) NOT NULL,
  `em_full_name` varchar(100) NOT NULL,
  `em_email` varchar(75) NOT NULL,
  `em_mobile` varchar(10) NOT NULL,
  `em_password` varchar(255) NOT NULL,
  `em_status` char(1) NOT NULL DEFAULT 'Y' COMMENT 'Y=Active, N=Inactive',
  `em_created_by` int(10) DEFAULT NULL COMMENT 'Admin ID who created this employee',
  `em_create_dt` timestamp NOT NULL DEFAULT current_timestamp(),
  `em_update_dt` timestamp NOT NULL DEFAULT current_timestamp() ON UPDATE current_timestamp()
) ENGINE=InnoDB DEFAULT CHARSET=utf8mb4 COLLATE=utf8mb4_general_ci;

-- --------------------------------------------------------

--
-- Table structure for table `gp_moi_employee_permissions`
--

CREATE TABLE `gp_moi_employee_permissions` (
  `ep_id` int(10) NOT NULL,
  `ep_em_id` int(10) NOT NULL COMMENT 'Employee ID',
  `ep_function_id` int(10) DEFAULT NULL COMMENT 'Function ID (NULL means all functions)',
  `ep_permission_type` varchar(50) NOT NULL DEFAULT 'MOI_INSERT' COMMENT 'MOI_INSERT, FUNCTION_CREATE, etc.',
  `ep_status` char(1) NOT NULL DEFAULT 'Y' COMMENT 'Y=Active/Assigned, N=Cancelled',
  `ep_assigned_by` int(10) DEFAULT NULL COMMENT 'Admin ID who assigned this permission',
  `ep_assigned_dt` timestamp NOT NULL DEFAULT current_timestamp(),
  `ep_cancelled_dt` timestamp NULL DEFAULT NULL,
  `ep_cancelled_by` int(10) DEFAULT NULL COMMENT 'Admin ID who cancelled this permission'
) ENGINE=InnoDB DEFAULT CHARSET=utf8mb4 COLLATE=utf8mb4_general_ci;

-- --------------------------------------------------------

--
-- Table structure for table `gp_moi_feedbacks`
--

CREATE TABLE `gp_moi_feedbacks` (
  `id` int(5) NOT NULL,
  `user_id` int(5) NOT NULL,
  `feedbacks` text CHARACTER SET utf8mb4 COLLATE utf8mb4_general_ci NOT NULL,
  `reply` text CHARACTER SET utf8mb4 COLLATE utf8mb4_general_ci DEFAULT NULL,
  `created_time` timestamp NOT NULL DEFAULT current_timestamp(),
  `updated_time` timestamp NOT NULL DEFAULT current_timestamp() ON UPDATE current_timestamp(),
  `active` char(1) NOT NULL DEFAULT 'Y'
) ENGINE=InnoDB DEFAULT CHARSET=latin1 COLLATE=latin1_swedish_ci;

-- --------------------------------------------------------

--
-- Table structure for table `gp_moi_functions`
--

CREATE TABLE `gp_moi_functions` (
  `f_id` int(10) NOT NULL,
  `f_um_id` int(10) NOT NULL,
  `function_name` varchar(100) CHARACTER SET utf8mb3 COLLATE utf8mb3_general_ci NOT NULL,
  `function_date` date NOT NULL,
  `first_name` varchar(100) CHARACTER SET utf8mb3 COLLATE utf8mb3_general_ci NOT NULL,
  `second_name` varchar(100) CHARACTER SET utf8mb4 COLLATE utf8mb4_general_ci NOT NULL,
  `place` varchar(100) CHARACTER SET utf8mb4 COLLATE utf8mb4_general_ci NOT NULL,
  `native_place` varchar(100) CHARACTER SET utf8mb4 COLLATE utf8mb4_general_ci NOT NULL,
  `invitation_photo` varchar(250) NOT NULL,
  `f_create_dt` timestamp NOT NULL DEFAULT current_timestamp(),
  `f_update_dt` timestamp NOT NULL DEFAULT current_timestamp() ON UPDATE current_timestamp(),
  `f_active` char(1) NOT NULL DEFAULT 'Y'
) ENGINE=InnoDB DEFAULT CHARSET=latin1 COLLATE=latin1_swedish_ci;

--
-- Dumping data for table `gp_moi_functions`
--

INSERT INTO `gp_moi_functions` (`f_id`, `f_um_id`, `function_name`, `function_date`, `first_name`, `second_name`, `place`, `native_place`, `invitation_photo`, `f_create_dt`, `f_update_dt`, `f_active`) VALUES
(1, 1, 'GP KIRUBA MARRIAGE', '2021-09-10', 'ஞானபிரகாசம்', 'கிருபா தெபோராள்', 'இந்திரா கம்யூனிட்டி ஹால்', 'அய்யன்குளம்', '', '2024-07-18 08:32:44', '2025-12-09 18:47:14', 'Y'),
(2, 1, 'PRIYA MARRIAGE', '2023-05-21', 'வேத ஜஸ்டின்', 'கேத்ரின் பிரியா', 'பிரியா வீட்டில்', 'திண்டுக்கல்', '', '2024-07-18 08:34:32', '2025-12-09 18:46:58', 'Y'),
(23, 18, 'MARRIAGE ', '2019-10-30', 'LOGANATHAN ', 'MADHUMITHA ', 'K Venkata subba Naidu Kalyana Mandapam ', 'Pulliyamarathu Kottai ', '', '2024-09-21 10:25:08', '2024-09-21 10:25:08', 'Y'),
(31, 19, 'MARRIAGE ', '2024-11-17', 'SARAVANAN ', 'SANDHIYA ', 'Samuthayakudam', 'Ottupatti ', 'uploads/invitation_uploads/19/Invitation_2024_11_18_08_17_26.jpg', '2024-11-18 02:47:32', '2024-11-18 02:47:32', 'Y'),
(49, 32, 'நாமகரணம் எ பெயர் சூட்டும்  விழா', '2025-02-02', 'தினேஷ் அபிநயா', '', 'பெத்தான் ஆண்டவர் கோவில்', '', '', '2025-02-04 06:14:30', '2025-02-04 06:14:30', 'Y'),
(50, 36, 'காதணி விழா', '2025-09-14', 'விவேக்', 'சுவேதா/ஷன்விகா/கிரிஷ்விக்', 'TPS', 'MARRIAGE HALL', '', '2025-03-03 03:30:39', '2025-03-03 03:30:39', 'Y'),
(58, 47, 'மொய் விருந்து', '2021-10-20', 'குமரேசன்', '', '', '', '', '2025-07-31 04:13:04', '2025-07-31 04:13:04', 'Y'),
(63, 59, 'இல்ல விழா', '2025-12-01', 'சத்யபிரகாஷ்', 'ராணி', 'இல்லம்', 'மதுரை', '', '2025-12-06 05:13:04', '2025-12-06 05:18:32', 'Y'),
(67, 55, 'thirumana', '2025-12-10', 'sbsbsv', 'hahshsh', '', '', '', '2025-12-09 19:11:18', '2025-12-09 19:11:18', 'Y');

-- --------------------------------------------------------

--
-- Table structure for table `gp_moi_master_records`
--

CREATE TABLE `gp_moi_master_records` (
  `mr_id` int(10) NOT NULL,
  `mr_um_id` int(10) NOT NULL,
  `mr_function_id` int(10) NOT NULL,
  `mr_city_id` varchar(100) CHARACTER SET utf8mb4 COLLATE utf8mb4_general_ci NOT NULL,
  `mr_first_name` varchar(50) CHARACTER SET utf8mb3 COLLATE utf8mb3_bin NOT NULL,
  `mr_second_name` varchar(50) CHARACTER SET utf8mb4 COLLATE utf8mb4_general_ci NOT NULL,
  `mr_amount` varchar(10) NOT NULL,
  `mr_occupation` varchar(100) CHARACTER SET utf8mb3 COLLATE utf8mb3_general_ci NOT NULL,
  `mr_remarks` varchar(250) CHARACTER SET utf8mb3 COLLATE utf8mb3_general_ci NOT NULL,
  `seimurai` enum('Money','Thinks') CHARACTER SET utf8mb3 COLLATE utf8mb3_general_ci DEFAULT NULL,
  `things` text CHARACTER SET utf8mb3 COLLATE utf8mb3_general_ci DEFAULT NULL,
  `mr_create_dt` timestamp NOT NULL DEFAULT current_timestamp(),
  `mr_update_dt` timestamp NOT NULL DEFAULT current_timestamp() ON UPDATE current_timestamp(),
  `mr_active` char(1) NOT NULL DEFAULT 'Y'
) ENGINE=InnoDB DEFAULT CHARSET=latin1 COLLATE=latin1_swedish_ci;

--
-- Dumping data for table `gp_moi_master_records`
--

INSERT INTO `gp_moi_master_records` (`mr_id`, `mr_um_id`, `mr_function_id`, `mr_city_id`, `mr_first_name`, `mr_second_name`, `mr_amount`, `mr_occupation`, `mr_remarks`, `seimurai`, `things`, `mr_create_dt`, `mr_update_dt`, `mr_active`) VALUES
(1, 1, 1, 'வடக்கு மேட்டுப்பட்டி', 'ஜேம்ஸ்', 'ஜெயமணி', '1101', '', '', NULL, NULL, '2024-07-18 13:57:32', '2024-09-23 19:17:15', 'Y'),
(2, 1, 1, 'மேட்டுப்பட்டி', 'ஆரோக்கியசாமி', 'செல்வராணி', '10001', '', 'தாய் மாமன்', NULL, NULL, '2024-07-18 13:58:31', '2024-09-23 19:17:15', 'Y'),
(3, 1, 1, 'மேட்டுப்பட்டி', 'அந்தோணிசாமி', 'மரிய செல்வம்', '7001', '', 'தாய் மாமன்', NULL, NULL, '2024-07-18 14:00:46', '2024-09-23 19:17:15', 'Y'),
(4, 1, 1, 'மேட்டுப்பட்டி', 'ஆரோக்கியதாஸ்', 'விண்ணரசி', '4000', '', 'காந்திகிராமம் ஹாஸ்பிடல்', NULL, NULL, '2024-07-18 14:01:57', '2024-12-30 19:29:51', 'Y'),
(5, 1, 1, 'வடக்கு மேட்டுப்பட்டி', 'சேசுராஜ்', 'மரிய செல்வம்', '1500', '', 'கிருபா பெரியப்பா', NULL, NULL, '2024-07-18 14:03:02', '2025-01-05 13:51:32', 'Y'),
(6, 1, 1, 'மேட்டுப்பட்டி', 'இருதயராஜ்', 'பெர்னத் மேரி', '10000', '', 'சித்தப்பா', NULL, NULL, '2024-07-18 14:04:45', '2024-12-30 19:56:05', 'Y'),
(7, 1, 1, 'முத்துராஜ் நகர்', 'இருதயராஜ்', 'மேரி', '501', '', '', NULL, NULL, '2024-07-18 14:31:38', '2024-12-30 19:37:19', 'Y'),
(8, 1, 1, 'திண்டுக்கல்', 'சேவியர்', 'ஆரோக்கியம்மாள்', '201', '', 'பழக்கடை', NULL, NULL, '2024-07-18 14:32:19', '2024-12-30 19:54:01', 'Y'),
(9, 1, 1, 'திண்டுக்கல்', 'Thandapani', 'Latha', '201', '', '', NULL, NULL, '2024-07-18 14:41:53', '2024-09-23 19:17:15', 'Y'),
(10, 1, 1, 'முத்துராஜ் நகர்', 'Mary', 'Selvamani', '1001', '', 'Mary Appaie', NULL, NULL, '2024-07-18 14:42:40', '2024-09-23 19:17:15', 'Y'),
(11, 1, 1, 'முத்தழகுபட்டி', 'Thalampathi Lasar Magan', 'Seker', '300', '', '', NULL, NULL, '2024-07-18 14:43:51', '2024-09-23 19:17:15', 'Y'),
(12, 1, 1, 'முத்துராஜ் நகர்', 'கந்தவேல்', 'மஞ்சுளா', '1001', '', '', NULL, NULL, '2024-07-19 18:41:44', '2024-12-23 18:26:22', 'Y'),
(13, 1, 1, 'முத்துராஜ் நகர்', 'பால்பாண்டி', 'கலா', '600', '', 'தாரணி ஆட்டோ', NULL, NULL, '2024-07-19 18:42:48', '2024-12-30 19:53:26', 'Y'),
(14, 1, 1, 'மேட்டுப்பட்டி', 'A. James Raj', '', '250', '', '', NULL, NULL, '2024-07-19 18:43:34', '2024-09-23 19:17:15', 'Y'),
(15, 1, 1, 'முத்துராஜ் நகர்', 'Murugesan', 'Selvarani', '201', '', '', NULL, NULL, '2024-07-19 18:45:25', '2024-09-23 19:17:15', 'Y'),
(16, 1, 1, 'முத்துராஜ் நகர்', 'பாண்டி', 'மீனா', '500', 'ஆட்டோ ஓட்டுநர்', '', NULL, NULL, '2024-07-19 18:46:11', '2025-01-19 09:19:50', 'Y'),
(17, 1, 1, 'முத்துராஜ் நகர்', 'சுமித்ரா', 'சந்தியா', '201', '', '', NULL, NULL, '2024-07-19 18:48:43', '2024-12-30 19:51:42', 'Y'),
(18, 1, 1, 'முத்துராஜ் நகர்', 'ரமேஷ்', 'ஜெயா', '1051', '', '', NULL, NULL, '2024-07-19 18:49:20', '2025-01-02 11:23:28', 'Y'),
(19, 1, 1, 'முத்துராஜ் நகர்', 'Jeyaprakash', 'Stella', '1001', '', '', NULL, NULL, '2024-07-19 18:50:28', '2024-09-23 19:17:15', 'Y'),
(20, 1, 1, 'முருகபவனம்', 'ராஜேந்திரன்', 'அமுதா', '100', '', '', NULL, NULL, '2024-07-19 18:51:20', '2025-01-31 17:44:08', 'Y'),
(21, 1, 1, 'முருகபவனம்', 'Sathish Kumar', 'Viji', '100', '', '', NULL, NULL, '2024-07-19 18:51:54', '2024-09-23 19:17:15', 'Y'),
(22, 1, 1, 'முத்துராஜ் நகர்', 'Dass', 'Reeta', '200', '', '', NULL, NULL, '2024-07-19 18:52:27', '2024-09-23 19:17:15', 'Y'),
(23, 1, 1, 'மதுரை', 'Janova', 'Anand', '500', '', 'Kiruba Athai', NULL, NULL, '2024-07-19 18:53:21', '2024-09-23 19:17:15', 'Y'),
(24, 1, 1, 'முருகபவனம்', 'சின்னசாமி', 'சாந்தி', '500', '', '', NULL, NULL, '2024-07-19 18:56:29', '2024-12-30 19:59:03', 'Y'),
(25, 1, 1, 'மேட்டுப்பட்டி', 'Kakkayan Sesu', 'Anthoni', '4005', '', '', NULL, NULL, '2024-07-19 18:57:14', '2024-09-23 19:17:15', 'Y'),
(26, 1, 1, 'முருகபவனம்', 'பாண்டி', 'விஜயலட்சுமி', '400', '', 'Water Cane', NULL, NULL, '2024-07-19 18:59:39', '2025-01-31 17:53:42', 'Y'),
(27, 1, 1, 'முருகபவனம்', 'Jeyaraj', 'Easwari', '300', '', '', NULL, NULL, '2024-07-24 05:15:33', '2024-09-23 19:17:15', 'Y'),
(28, 1, 1, 'சின்ன முத்து நகர்', 'ஆரோக்கியதாஸ்', 'சேசம்மாள்', '200', '', '', NULL, NULL, '2024-07-24 05:16:33', '2025-01-31 17:53:28', 'Y'),
(29, 1, 1, 'முருகபவனம்', 'சாந்தா', 'தக்ஷிணாமூர்த்தி', '301', '', '', NULL, NULL, '2024-07-24 06:57:20', '2025-01-31 17:53:00', 'Y'),
(30, 1, 1, 'மேட்டுப்பட்டி', 'Sahayam', 'Rakkiin', '501', '', '', NULL, NULL, '2024-07-24 07:02:35', '2024-09-23 19:17:15', 'Y'),
(31, 1, 1, 'மேட்டுப்பட்டி', 'Lakshmi', 'Selvam', '201', '', '', NULL, NULL, '2024-07-24 07:22:53', '2024-09-23 19:17:15', 'Y'),
(32, 1, 1, 'முருகபவனம்', 'Murugan', 'Rani', '201', '', '', NULL, NULL, '2024-07-24 07:57:21', '2024-09-23 19:17:15', 'Y'),
(33, 1, 1, 'முத்துராஜ் நகர்', 'Santhiyagu ', 'Velanganni', '500', '', 'Fish Kadai', NULL, NULL, '2024-07-24 07:58:29', '2024-09-23 19:17:15', 'Y'),
(34, 1, 1, 'இராமையன்பட்டி', 'மணிக்கட்டி வீடு', 'சகாயராஜ்', '1000', '', '', NULL, NULL, '2024-07-24 14:36:30', '2024-12-30 19:44:04', 'Y'),
(35, 1, 1, 'இராமையன்பட்டி', 'Sirumani', '', '501', '', 'Aaya', NULL, NULL, '2024-07-24 14:36:57', '2024-09-23 19:17:15', 'Y'),
(36, 1, 1, 'முத்துராஜ் நகர்', 'தெய்வேந்திரன்', 'அபிராமி', '601', '', '', NULL, NULL, '2024-07-24 14:37:38', '2025-01-31 17:52:42', 'Y'),
(37, 1, 1, 'முருகபவனம்', 'S. சந்திரன்', 'S. காந்தி ராஜன்', '501', '', 'Ganesh Maligai', NULL, NULL, '2024-07-24 14:39:02', '2025-01-31 17:50:45', 'Y'),
(38, 1, 1, 'முருகபவனம்', 'R. Sesal Naidu', 'Dhanalakshmi', '500', '', '', NULL, NULL, '2024-07-24 14:39:38', '2024-09-23 19:17:15', 'Y'),
(39, 1, 1, 'முத்துராஜ் நகர்', 'ஆரோக்கியதாஸ்', 'ஸ்வேதா', '1105', '', '', NULL, NULL, '2024-07-24 14:40:15', '2025-01-31 17:50:15', 'Y'),
(40, 1, 1, 'முருகபவனம்', 'ஜான்சன்', 'செல்வராணி', '500', '', 'நாட்டாமை', NULL, NULL, '2024-07-24 14:40:48', '2025-06-05 20:23:52', 'Y'),
(41, 1, 1, 'முருகபவனம்', 'Pookarammal', 'Vasanthamary', '300', '', '', NULL, NULL, '2024-07-24 14:41:40', '2024-09-23 19:17:15', 'Y'),
(42, 1, 1, 'முத்தனம்பட்டி', 'குணசீலன்', 'விஜய் பிரதீபா', '1000', '', '', NULL, NULL, '2024-07-24 14:42:20', '2025-01-19 09:23:54', 'Y'),
(43, 1, 1, 'Y.M.R பட்டி', 'Kannan', 'Vimala', '501', '', '', NULL, NULL, '2024-07-24 14:42:43', '2024-09-23 19:17:15', 'Y'),
(44, 1, 1, 'Y.M.R பட்டி', 'சண்முகசுந்தரம்', 'அனிதா', '301', '', '', NULL, NULL, '2024-07-24 14:43:13', '2025-01-31 17:44:25', 'Y'),
(45, 1, 1, 'முருகபவனம்', 'ஸ்டீபன் பாஸ்கர்', '', '301', 'தாய் லேத்', '', NULL, NULL, '2024-07-24 14:43:51', '2024-12-30 19:53:06', 'Y'),
(46, 1, 1, 'முருகபவனம்', 'ஞானராஜ்', '', '500', 'மளிகை கடை', 'எலியேசர் மாமா', NULL, NULL, '2024-07-24 14:44:41', '2025-01-31 17:43:54', 'Y'),
(47, 1, 1, 'முத்துராஜ் நகர்', 'பூலாம்பட்டியார் மகன்', 'வேளாங்கண்ணி', '300', '', '', NULL, NULL, '2024-07-24 14:46:34', '2024-12-30 19:52:42', 'Y'),
(48, 1, 1, 'வெள்ளாளன் விளை', 'P. ஜான் சாமுவேல்', '', '300', '', '', NULL, NULL, '2024-07-24 14:47:21', '2024-12-30 19:33:58', 'Y'),
(49, 1, 1, 'முருகபவனம்', 'Jeyaprakash', 'Mahalakshmi', '201', '', '', NULL, NULL, '2024-07-24 16:48:16', '2024-09-23 19:17:15', 'Y'),
(50, 1, 1, 'முத்துராஜ் நகர்', 'Eliyesar', '', '500', '', '', NULL, NULL, '2024-07-24 16:49:32', '2024-09-23 19:17:15', 'Y'),
(51, 1, 1, 'முத்துராஜ் நகர்', 'சவேரியார்', 'தங்கம்', '600', '', '', NULL, NULL, '2024-07-24 16:50:41', '2024-12-30 19:52:26', 'Y'),
(52, 1, 1, 'முத்தழகுபட்டி', 'செபஸ்தியார்', 'சிவகாமி', '300', '', '', NULL, NULL, '2024-07-24 16:51:59', '2024-12-30 19:51:56', 'Y'),
(53, 1, 1, 'முருகபவனம்', 'Sahayamery', '', '200', '', '', NULL, NULL, '2024-07-24 16:55:20', '2024-09-23 19:17:15', 'Y'),
(54, 1, 1, 'முருகபவனம்', 'தீபிகா', 'ரவிச்சந்திரன்', '1000', '', '', NULL, NULL, '2024-07-24 16:56:18', '2025-01-31 17:43:15', 'Y'),
(55, 1, 1, 'முத்தனம்பட்டி', 'அஜி', '', '501', '', '', NULL, NULL, '2024-07-24 16:56:55', '2024-12-30 19:58:04', 'Y'),
(56, 1, 1, 'முருகபவனம்', 'வனிதா', 'நாட்ராயன்', '200', 'ஆசிரியர்', 'ஓசி பிள்ளை நகர்', NULL, NULL, '2024-07-24 16:58:28', '2024-12-30 19:48:20', 'Y'),
(57, 1, 1, 'சென்னை', 'அனிதா', 'சாமுவேல்', '500', '', 'கிருபா அக்கா', NULL, NULL, '2024-07-24 16:59:16', '2024-12-28 19:39:14', 'Y'),
(58, 1, 1, 'முத்துராஜ் நகர்', 'Sathish Kumar', 'Ranjitha', '101', '', '', NULL, NULL, '2024-07-25 10:57:20', '2024-09-23 19:17:15', 'Y'),
(59, 1, 1, 'முருகபவனம்', 'Kumar', '', '251', '', 'Finance', NULL, NULL, '2024-07-25 10:58:13', '2024-09-23 19:17:15', 'Y'),
(60, 1, 1, 'இராமையன்பட்டி', 'Thamilselvan', 'arulviji', '551', '', '', NULL, NULL, '2024-07-25 10:58:57', '2024-09-23 19:17:15', 'Y'),
(61, 1, 1, 'சின்னப்பபுரம்', 'ஜெயராஜ்', '', '500', '', 'சித்தப்பா', NULL, NULL, '2024-07-25 23:28:44', '2024-12-30 19:27:56', 'Y'),
(62, 1, 1, 'இராமையன்பட்டி', 'Thannikatti', 'Velanganni', '1001', '', '', NULL, NULL, '2024-07-25 23:29:25', '2024-09-23 19:17:15', 'Y'),
(63, 1, 1, 'வேடப்பட்டி', 'சகாயராஜ்', 'சாந்தி லில்லி', '201', '', '', NULL, NULL, '2024-07-25 23:29:59', '2024-12-30 19:30:10', 'Y'),
(64, 1, 1, 'முருகபவனம்', 'முத்து சலூன்', '', '500', 'சலூன் கடை', '', NULL, NULL, '2024-07-25 23:30:55', '2024-12-30 19:28:34', 'Y'),
(65, 1, 1, 'பெரியார் நகர்', 'Velusamy', 'Panjavarnam', '501', '', '', NULL, NULL, '2024-07-25 23:31:29', '2024-09-23 19:17:15', 'Y'),
(66, 1, 1, 'வடக்கு மேட்டுப்பட்டி', 'Arockiyasamy', 'Masila', '500', '', '', NULL, NULL, '2024-07-25 23:34:27', '2024-09-23 19:17:15', 'Y'),
(67, 1, 1, 'முத்துராஜ் நகர்', 'Balan', 'Nagalakshmi', '201', '', '', NULL, NULL, '2024-07-25 23:36:54', '2024-09-23 19:17:15', 'Y'),
(68, 1, 1, 'முள்ளிப்பாடி', 'ஜெயராஜ்', 'ஷர்மிளா', '300', '', '', NULL, NULL, '2024-07-25 23:40:16', '2025-06-05 20:24:17', 'Y'),
(69, 1, 1, 'முத்துராஜ் நகர்', 'Sakthivel', 'Malliga', '301', '', '', NULL, NULL, '2024-07-25 23:45:19', '2024-09-23 19:17:15', 'Y'),
(70, 1, 1, 'முருகபவனம்', 'P. Muthaiya', 'Peachiyammal', '350', '', '', NULL, NULL, '2024-07-25 23:46:33', '2024-09-23 19:17:15', 'Y'),
(71, 1, 1, 'வேடப்பட்டி', 'Iruthayaraj', 'anthoniyammal', '500', '', '', NULL, NULL, '2024-07-25 23:50:00', '2024-09-23 19:17:15', 'Y'),
(72, 1, 1, 'முத்துராஜ் நகர்', 'மூர்த்தி', 'ஈஸ்வரி', '200', '', '', NULL, NULL, '2024-07-25 23:51:13', '2024-12-30 19:44:37', 'Y'),
(73, 1, 1, 'முத்துராஜ் நகர்', 'Lakshmi', '', '200', '', '', NULL, NULL, '2024-07-25 23:55:09', '2024-09-23 19:17:15', 'Y'),
(74, 1, 1, 'முருகபவனம்', 'Rajeshkannan', 'thalappatti', '200', '', '', NULL, NULL, '2024-07-25 23:58:42', '2024-09-23 19:17:15', 'Y'),
(75, 1, 1, 'இராமையன்பட்டி', 'தண்ணிகட்டியார் குடும்பம்', 'சூசை மணி - ஜோஸ்பின் மாதரசி', '300', '', '', NULL, NULL, '2024-07-26 00:13:07', '2025-05-16 22:58:48', 'Y'),
(76, 1, 1, 'வடக்கு மேட்டுப்பட்டி', 'Saimanbabu', 'julietmary', '500', '', '', NULL, NULL, '2024-07-26 00:14:19', '2024-09-23 19:17:15', 'Y'),
(77, 1, 1, 'முத்துராஜ் நகர்', 'அருண்குமார்', 'அமலா', '201', '', '', NULL, NULL, '2024-07-26 00:16:17', '2024-12-30 19:32:07', 'Y'),
(78, 1, 1, 'முத்துராஜ் நகர்', 'ராமசாமி', 'சாந்தி', '200', '', '', NULL, NULL, '2024-07-29 10:13:51', '2024-12-30 19:28:49', 'Y'),
(79, 1, 1, 'முத்துராஜ் நகர்', 'Kalaiyarasi', '', '100', '', 'Water Bottle Company', NULL, NULL, '2024-07-29 10:15:24', '2024-09-23 19:17:15', 'Y'),
(80, 1, 1, 'ஓசி பிள்ளை நகர்', 'Ayyappan', '', '500', '', '', NULL, NULL, '2024-07-29 10:15:59', '2024-09-23 19:17:15', 'Y'),
(81, 1, 1, 'முத்துராஜ் நகர்', 'சுப்பையா', 'தங்கமணி', '500', '', '', NULL, NULL, '2024-07-29 10:16:36', '2025-01-31 17:42:07', 'Y'),
(82, 1, 1, 'வீனி சவேரியார் தெரு', 'ஸ்டாலின்', 'தெரசா', '300', '', 'மேட்டுப்பட்டி', NULL, NULL, '2024-07-29 10:17:56', '2025-01-13 00:29:12', 'Y'),
(83, 1, 1, 'முத்துராஜ் நகர்', 'அப்துல்', 'பானு', '201', '', '', NULL, NULL, '2024-07-29 10:18:30', '2025-01-31 17:42:58', 'Y'),
(84, 1, 1, 'முத்துராஜ் நகர்', 'சந்தோஷ் குமார்', 'தாயம்மாள்', '1501', '', '', NULL, NULL, '2024-07-29 10:18:55', '2024-12-30 19:51:08', 'Y'),
(85, 1, 1, 'முத்துராஜ் நகர்', 'நாகராஜ்', '', '201', 'பால்காரர்', '', NULL, NULL, '2024-07-29 10:19:42', '2025-06-05 20:22:41', 'Y'),
(86, 1, 1, 'முத்துராஜ் நகர்', 'ராம்குமார்', 'பவித்ரா', '501', '', '', NULL, NULL, '2024-07-29 10:20:28', '2024-12-30 19:28:10', 'Y'),
(87, 1, 1, 'முத்துராஜ் நகர்', 'சங்கர்', 'இந்திராணி', '501', '', '', NULL, NULL, '2024-07-29 10:20:57', '2025-01-05 14:11:34', 'Y'),
(88, 1, 1, 'கொட்டப்பட்டி', 'மேகவர்ணம்', 'சுபா', '2000', '', '', NULL, NULL, '2024-07-29 10:21:39', '2024-12-30 19:30:40', 'Y'),
(89, 1, 1, 'முத்துராஜ் நகர்', 'சேசுராஜ்', 'ரோஸ் தெரஸ்', '301', '', '', NULL, NULL, '2024-07-29 10:22:15', '2025-01-05 14:12:55', 'Y'),
(90, 1, 1, 'முத்துராஜ் நகர்', 'வின்சென்ட்', 'ரோஸி', '200', '', '', NULL, NULL, '2024-07-29 10:22:46', '2025-06-05 20:20:47', 'Y'),
(91, 1, 1, 'முத்துராஜ் நகர்', 'ஈஸ்வரன்', 'குமாரம்மாள்', '1001', '', '', NULL, NULL, '2024-07-29 10:26:28', '2024-12-30 19:39:21', 'Y'),
(92, 1, 1, 'முருகபவனம்', 'சகாயராஜ்', 'மேரி', '301', '', '', NULL, NULL, '2024-07-29 10:27:44', '2025-01-13 00:28:47', 'Y'),
(93, 1, 1, 'முருகபவனம்', 'MANJU', '', '201', '', '', NULL, NULL, '2024-07-29 10:30:47', '2024-09-23 19:17:15', 'Y'),
(94, 1, 1, 'முருகபவனம்', 'நாகராஜ்', 'உமா', '100', '', '', NULL, NULL, '2024-07-29 10:31:28', '2024-12-30 19:29:26', 'Y'),
(95, 1, 1, 'வடக்கு மேட்டுப்பட்டி', 'Dhinesh', '', '500', 'Poo Market', '', NULL, NULL, '2024-07-29 10:33:12', '2024-09-23 19:17:15', 'Y'),
(96, 1, 1, 'முத்துராஜ் நகர்', 'ராஜகோபால்', 'சரஸ்வதி', '300', '', '', NULL, NULL, '2024-07-29 10:34:26', '2024-12-30 19:33:36', 'Y'),
(97, 1, 1, 'இராமையன்பட்டி', 'செல்வராஜ்', 'விஜயா', '605', '', '', NULL, NULL, '2024-07-29 10:35:46', '2025-06-05 20:22:21', 'Y'),
(98, 1, 1, 'முத்துராஜ் நகர்', 'Muneeswari', '', '101', '', '', NULL, NULL, '2024-07-29 10:36:42', '2024-09-23 19:17:15', 'Y'),
(99, 1, 1, 'வேடப்பட்டி', 'ஜோசப்', 'செபஸ்தி அம்மாள்', '510', '', '', NULL, NULL, '2024-07-29 10:37:14', '2025-01-05 14:12:27', 'Y'),
(100, 1, 1, 'மதுரை', 'சகாயராஜ்', 'சகாயம்', '250', '', '', NULL, NULL, '2024-07-31 03:41:55', '2024-12-30 19:59:36', 'Y'),
(101, 1, 1, 'வேடப்பட்டி', 'லாரன்ஸ்', 'பன்னீர் செல்வி', '210', 'வாட்டர் சர்வீஸ்', '', NULL, NULL, '2024-07-31 03:42:50', '2024-12-30 19:58:43', 'Y'),
(102, 1, 1, 'முத்துராஜ் நகர்', 'மகாலிங்கம்', 'முனியம்மாள்', '1001', '', '', NULL, NULL, '2024-07-31 03:43:33', '2024-12-30 19:27:25', 'Y'),
(103, 1, 1, 'முத்துராஜ் நகர்', 'நாகராஜன்', 'சுஜாதா', '1001', '', '', NULL, NULL, '2024-07-31 03:44:17', '2024-12-30 19:30:26', 'Y'),
(104, 1, 1, 'முத்துராஜ் நகர்', 'ஆரோக்கியம்', 'ஸ்டெல்லா', '1001', '', 'அலெக்ஸ் வீடு', NULL, NULL, '2024-07-31 03:44:45', '2024-12-30 19:48:40', 'Y'),
(105, 1, 1, 'மேற்கு மீனாட்சி நாயக்கன்பட்டி', 'பழனிசாமி', 'முருகேஸ்வரி', '201', '', '', NULL, NULL, '2024-07-31 03:49:39', '2025-01-05 14:13:33', 'Y'),
(106, 1, 1, 'முத்துராஜ் நகர்', 'M. நாகராஜ்', '', '301', 'நூல் மில்', '', NULL, NULL, '2024-07-31 03:50:20', '2025-06-05 20:23:10', 'Y'),
(107, 1, 1, 'முத்துராஜ் நகர்', 'மாரியப்பன்', 'இளமதி', '1001', '', '', 'Money', NULL, '2024-07-31 03:50:52', '2025-12-09 19:59:52', 'Y'),
(108, 1, 1, 'முத்துராஜ் நகர்', 'ரங்கராஜ்', 'காட்டு ராணி', '1001', '', '', NULL, NULL, '2024-07-31 03:51:25', '2024-12-30 19:42:23', 'Y'),
(109, 1, 1, 'முத்துராஜ் நகர்', 'சிவா', 'பிரியா', '101', '', '', NULL, NULL, '2024-07-31 03:51:49', '2024-12-30 19:31:52', 'Y'),
(110, 1, 1, 'முருகபவனம்', 'மகாலட்சுமி', 'காளமேகம்', '500', '', '', NULL, NULL, '2024-07-31 17:21:53', '2025-01-13 00:29:50', 'Y'),
(111, 1, 1, 'முருகபவனம்', 'முருகானந்தம்', 'தவமணி', '500', '', '', NULL, NULL, '2024-07-31 17:22:26', '2025-01-19 09:49:14', 'Y'),
(112, 1, 1, 'முருகபவனம்', 'உதயகுமார்', 'சாவித்திரி', '200', '', '', NULL, NULL, '2024-07-31 17:22:55', '2024-12-30 19:30:56', 'Y'),
(113, 1, 1, 'முத்துராஜ் நகர்', 'ஜெயசீலன்', 'ஸ்டெல்லா மேரி', '501', 'மீன் கடை', '', NULL, NULL, '2024-07-31 17:23:39', '2024-12-30 19:50:14', 'Y'),
(114, 1, 1, 'முத்துராஜ் நகர்', 'பாக்கியம்', 'சிறுமணி', '301', '', '', NULL, NULL, '2024-07-31 17:24:25', '2025-01-15 07:57:33', 'Y'),
(115, 1, 1, 'BSNL குவாட்டர்ஸ்', 'ராஜி', 'ரமேஷ்', '301', '', '', NULL, NULL, '2024-07-31 17:42:27', '2024-12-30 19:37:36', 'Y'),
(116, 1, 1, 'BSNL குவாட்டர்ஸ்', 'சிவானந்தம்', '', '100', '', '', NULL, NULL, '2024-07-31 17:42:51', '2025-01-31 17:42:42', 'Y'),
(117, 1, 1, 'சின்னாளப்பட்டி', 'ராஜாங்கம்', 'உஷா', '400', '', '', NULL, NULL, '2024-07-31 17:43:28', '2025-01-05 13:50:43', 'Y'),
(118, 1, 1, 'முருகபவனம்', 'வேல்முருகன்', 'சுப்புலட்சுமி', '501', '', '', NULL, NULL, '2024-08-01 07:09:17', '2024-12-30 19:54:17', 'Y'),
(119, 1, 1, 'முருகபவனம்', 'தங்கம்', '', '201', 'சலூன் கடை', 'மீனாட்சி சலூன்', NULL, NULL, '2024-08-01 07:10:12', '2024-12-30 19:32:45', 'Y'),
(120, 1, 1, 'Y.M.R பட்டி', 'லட்சுமி', 'பாஸ்கர்', '301', '', '', NULL, NULL, '2024-08-01 07:10:38', '2024-12-30 19:31:38', 'Y'),
(121, 1, 1, 'வடக்கு மேட்டுப்பட்டி', 'மரிய ராஜ்', 'பாப்பா', '1000', '', '', NULL, NULL, '2024-08-01 07:12:26', '2025-01-05 13:50:21', 'Y'),
(122, 1, 1, 'வடக்கு மேட்டுப்பட்டி', 'கிறிஸ்து', 'ரோஸி', '500', '', '', NULL, NULL, '2024-08-01 07:13:30', '2025-01-05 12:46:56', 'Y'),
(123, 1, 1, 'வடக்கு மேட்டுப்பட்டி', 'ARUL VICTOR', 'RANI', '700', '', '', NULL, NULL, '2024-08-02 03:33:12', '2024-09-23 19:17:15', 'Y'),
(124, 1, 1, 'BSNL குவாட்டர்ஸ்', 'பழனிசாமி', '', '200', '', 'கடற்கரை', NULL, NULL, '2024-08-02 03:34:14', '2024-12-30 19:59:22', 'Y'),
(125, 1, 1, 'மங்கரை அம்மாபட்டி', 'ROSELIN', 'ANJALI', '200', '', '', NULL, NULL, '2024-08-02 03:35:12', '2024-09-23 19:17:15', 'Y'),
(126, 1, 1, 'RV நகர்', 'ஜெயக்குமார்', 'ஜெனிபர்', '200', 'நகை பட்டறை', '', NULL, NULL, '2024-08-02 03:35:53', '2024-12-30 19:47:03', 'Y'),
(127, 1, 1, 'யாகப்பன் பட்டி', 'லாசர் சுந்தரம்', 'சுசீலா மேரி', '501', '', '', NULL, NULL, '2024-08-02 03:36:42', '2024-12-30 19:56:30', 'Y'),
(128, 1, 1, 'முருகபவனம்', 'சேசுராஜ்', 'சகாயராணி', '201', '', '', NULL, NULL, '2024-08-02 03:38:20', '2024-12-30 19:49:32', 'Y'),
(129, 1, 1, 'மேட்டுப்பட்டி', 'விக்டர்', 'செல்வி', '500', '', 'MGR NAGAR', NULL, NULL, '2024-08-02 03:40:52', '2025-06-05 20:21:21', 'Y'),
(130, 1, 1, 'முருகபவனம்', 'ராணி', '', '151', '', '', NULL, NULL, '2024-08-03 19:11:58', '2024-12-31 20:17:05', 'Y'),
(131, 1, 1, 'முருகபவனம்', 'பன்னீர் செல்வம்', 'சரோஜா', '250', '', '', NULL, NULL, '2024-08-03 19:12:37', '2024-12-30 19:58:23', 'Y'),
(132, 1, 1, 'முருகபவனம்', 'கருப்பையா', 'ஜெசிந்தா', '500', '', '', NULL, NULL, '2024-08-03 19:14:32', '2024-12-31 20:16:50', 'Y'),
(133, 1, 1, 'முருகபவனம்', 'ஆரோக்கியசாமி', 'கிரேசி', '200', '', '', NULL, NULL, '2024-08-03 19:14:56', '2024-12-30 19:27:10', 'Y'),
(134, 1, 1, 'முருகபவனம்', 'முருகன்', '', '300', 'இரும்பு கடை', '', NULL, NULL, '2024-08-03 19:15:28', '2024-12-31 20:16:29', 'Y'),
(135, 1, 1, 'முருகபவனம்', 'வீரம்மாள் மகள்', 'அமுதா', '200', '', '', NULL, NULL, '2024-08-03 19:15:59', '2024-12-30 19:34:15', 'Y'),
(136, 1, 1, 'காமாட்சிபுரம்', 'ஜி மாணிக்கம்', '', '301', 'இரும்பு கடை', '', NULL, NULL, '2024-08-03 19:16:45', '2024-12-30 19:33:02', 'Y'),
(137, 1, 1, 'முருகபவனம்', 'KAVIYARASU', 'KALAIYARASI', '100', '', '', NULL, NULL, '2024-08-03 19:17:57', '2024-09-23 19:17:15', 'Y'),
(138, 1, 1, 'மேட்டுப்பட்டி', 'ரத்தின ஜான்சி ராணி', 'டேவிட் ராஜ்', '5000', '', 'கிளாரா மகள்', NULL, NULL, '2024-08-03 19:18:40', '2024-09-23 19:17:15', 'Y'),
(139, 1, 1, 'மேட்டுப்பட்டி', 'ஜான் பீட்டர்', 'கிளாரா மேரி', '3000', '', 'சித்தப்பா', NULL, NULL, '2024-08-03 19:19:20', '2024-12-30 19:32:26', 'Y'),
(140, 1, 1, 'முத்துராஜ் நகர்', 'செந்தில்குமார்', 'பாண்டியம்மாள்', '300', '', '', NULL, NULL, '2024-08-03 19:20:22', '2024-12-30 19:34:30', 'Y'),
(141, 1, 1, 'மேட்டுப்பட்டி', 'சந்தியாகு', 'பிலோமினா', '5001', '', '', NULL, NULL, '2024-08-28 09:41:55', '2024-12-30 19:49:19', 'Y'),
(142, 1, 1, 'கரிசல்பட்டி', 'மதன்', 'வினிலா', '1001', '', '', NULL, NULL, '2024-08-28 09:42:57', '2024-12-30 19:26:12', 'Y'),
(143, 1, 1, 'மேட்டுப்பட்டி', 'ராணி சம்மனசு', 'பப்லு', '300', '', '', NULL, NULL, '2024-08-28 09:44:19', '2024-12-30 19:26:55', 'Y'),
(144, 1, 1, 'முத்தழகுபட்டி', 'அருளானந்த பீட்டர்', 'சிவரஞ்சனி', '500', '', '', NULL, NULL, '2024-08-28 09:45:31', '2024-12-30 19:31:24', 'Y'),
(145, 1, 1, 'முருகபவனம்', 'SSK சுந்தர்', '', '500', 'சிமெண்ட் தொட்டி கடை', '', NULL, NULL, '2024-08-28 09:46:27', '2024-12-31 20:16:06', 'Y'),
(146, 1, 1, 'முருகபவனம்', 'ஜான் போஸ்கோ', 'மாரீஸ்வரி', '10000', '', '', NULL, NULL, '2024-08-28 09:48:32', '2024-12-30 19:49:47', 'Y'),
(147, 1, 1, 'Y.M.R பட்டி', 'ரவீந்திரன்', 'மகேஸ்வரி', '501', '', '', NULL, NULL, '2024-08-28 09:49:28', '2024-12-30 19:44:20', 'Y'),
(148, 1, 1, 'Y.M.R பட்டி', 'செல்வம்', 'ரேவதி', '1000', '', '', NULL, NULL, '2024-08-28 09:49:59', '2024-12-30 19:47:51', 'Y'),
(149, 1, 1, 'முருகபவனம்', 'அருள் மேரி', '', '100', 'ஆசிரியர்', '', NULL, NULL, '2024-08-28 09:50:41', '2024-12-31 20:15:38', 'Y'),
(150, 1, 1, 'முத்துராஜ் நகர்', 'கார்த்திக்', '', '501', 'நகை பட்டறை', '', NULL, NULL, '2024-08-28 09:51:22', '2024-12-30 19:27:41', 'Y'),
(151, 1, 1, 'இராமையன்பட்டி', 'ஜேசுதாஸ்', 'ரஞ்சிதா மேரி', '1002', 'அட்வகேட்', '', NULL, NULL, '2024-08-28 09:52:28', '2024-12-23 18:27:02', 'Y'),
(152, 1, 1, 'கொசவப்பட்டி', 'Israel', 'Savariammal', '1001', '', '', NULL, NULL, '2024-08-28 09:53:41', '2024-09-23 19:17:15', 'Y'),
(154, 1, 1, 'வடக்கு மேட்டுப்பட்டி', 'மரிய லூயிஸ்', 'ஜான்சி', '700', 'ஆசிரியர்', 'ஆயா மகள்', NULL, NULL, '2024-08-30 14:19:55', '2024-12-30 19:25:38', 'Y'),
(155, 1, 1, 'BSNL குவாட்டர்ஸ்', 'ரேணுகா', 'பாண்டி', '200', '', '', NULL, NULL, '2024-08-30 14:20:41', '2024-12-30 19:36:26', 'Y'),
(156, 1, 1, 'ஓசி பிள்ளை நகர்', 'A. ராஜேந்திரன்', '', '210', '', 'RR MILL', NULL, NULL, '2024-08-30 14:21:51', '2024-12-30 19:50:53', 'Y'),
(157, 1, 1, 'முருகபவனம்', 'வி.இந்திராணி', '', '200', '', '', NULL, NULL, '2024-08-30 14:22:24', '2024-12-30 19:22:17', 'Y'),
(158, 1, 1, 'முத்துராஜ் நகர்', 'வேலுசாமி', 'மாரி', '201', 'டிபன் கடை', '', NULL, NULL, '2024-08-30 14:23:14', '2024-12-23 18:29:56', 'Y'),
(159, 1, 1, 'முத்துராஜ் நகர்', 'ஜோஸ்பின் ஜெயராணி', '', '1000', '', 'வின்சென்ட் அம்மா', NULL, NULL, '2024-08-30 14:29:37', '2024-12-30 19:33:20', 'Y'),
(160, 1, 1, 'வடக்கு மேட்டுப்பட்டி', 'சூசை', 'செலின்', '201', 'பூ மார்க்கெட்', '', NULL, NULL, '2024-08-30 14:33:26', '2024-12-30 19:45:18', 'Y'),
(161, 1, 1, 'முத்துராஜ் நகர்', 'கார்த்திக்', 'அஞ்சலி', '500', '', '', NULL, NULL, '2024-08-30 14:35:33', '2024-12-30 19:43:21', 'Y'),
(162, 1, 1, 'சின்னப்பபுரம்', 'மரிய பிரின்ஸ்', 'அன்பு ரோஸ்', '300', '', '', NULL, NULL, '2024-08-30 14:36:19', '2024-12-30 19:36:49', 'Y'),
(163, 1, 1, 'வட்டப்பாறை', 'மரிய ஜோசப்', '', '500', 'மேட்டுமாதா', 'சித்தப்பா', NULL, NULL, '2024-08-30 14:37:52', '2024-12-30 19:22:58', 'Y'),
(164, 1, 1, 'மேட்டுப்பட்டி', 'ஆறுமுகம்', 'சரஸ்வதி', '601', '', '', NULL, NULL, '2024-08-30 14:39:18', '2024-12-30 19:48:56', 'Y'),
(165, 1, 1, 'BSNL குவாட்டர்ஸ்', 'பாலுசாமி', 'சந்திரா', '310', '', '', NULL, NULL, '2024-08-30 14:40:19', '2024-12-30 19:24:20', 'Y'),
(166, 1, 1, 'முத்தனம்பட்டி', 'விஜய பிரபாகரன்', 'சங்கீதா', '500', '', 'சுஷ்மி அண்ணன்', NULL, NULL, '2024-08-30 14:40:56', '2024-12-23 18:23:07', 'Y'),
(167, 1, 1, 'முத்துராஜ் நகர்', 'சரவணகுமார்', 'அருள்', '301', '', '', NULL, NULL, '2024-08-30 14:41:49', '2024-12-30 19:46:16', 'Y'),
(168, 1, 1, 'KK நகர்', 'ரகுமான்', '', '300', '', '', NULL, NULL, '2024-08-30 14:43:54', '2024-12-30 19:34:52', 'Y'),
(169, 1, 1, 'மேட்டுப்பட்டி', 'சந்தியாகு', 'கமலா மேரி', '500', 'மரக்கடை', '', NULL, NULL, '2024-08-30 14:44:38', '2024-12-30 19:23:42', 'Y'),
(170, 1, 1, 'BSNL குவாட்டர்ஸ்', 'K பழனிசாமி', '', '101', '', '', NULL, NULL, '2024-08-30 14:45:17', '2024-12-30 19:35:30', 'Y'),
(171, 1, 1, 'வடக்கு மேட்டுப்பட்டி', 'அன்பு ரோஸ்', 'ராசாத்தி', '1000', '', 'கிருபா பெரியப்பா', NULL, NULL, '2024-08-30 14:45:56', '2024-12-23 18:23:54', 'Y'),
(172, 1, 1, 'கோயம்புத்தூர்', 'பிரிட்டோ', 'ஷீலா', '500', '', '', NULL, NULL, '2024-08-30 14:47:17', '2024-12-30 19:29:07', 'Y'),
(173, 1, 1, 'மேட்டுப்பட்டி', 'அம்முலு மாமா', 'மேரி', '500', '', 'கொசவபட்டி', NULL, NULL, '2024-08-30 14:47:59', '2024-12-31 20:15:10', 'Y'),
(174, 1, 1, 'Y.M.R பட்டி', 'ரவி', 'வேணி', '201', '', '', NULL, NULL, '2024-08-30 14:48:27', '2024-12-30 19:25:10', 'Y'),
(175, 1, 1, 'வடக்கு மேட்டுப்பட்டி', 'அந்தோணியம்மாள் மகன்', 'ஸ்டீபன் துரை ராஜ்', '500', '', '', NULL, NULL, '2024-08-30 14:49:23', '2024-09-23 19:17:15', 'Y'),
(176, 1, 1, 'முருகபவனம்', 'பாலசுப்பிரமணி', '', '201', '', '', NULL, NULL, '2024-08-30 14:52:59', '2024-12-31 20:14:38', 'Y'),
(177, 1, 1, 'வடக்கு மேட்டுப்பட்டி', 'ஆனந்த் அற்புதராஜ்', 'விண்ணரசி', '5000', '', 'கிருபா மாமா', NULL, NULL, '2024-08-30 14:53:46', '2024-12-30 19:22:37', 'Y'),
(178, 1, 1, 'குட்டத்து ஆவாரம் பட்டி', 'அருளானந்தம்', 'செல்வி மேரி', '1000', '', '', NULL, NULL, '2024-08-30 14:54:24', '2024-12-30 19:57:42', 'Y'),
(179, 1, 1, 'புகையிலைபட்டி', 'தனுஷ்', 'லூர்து மேரி', '1001', '', 'கிருபா சித்தப்பா', NULL, NULL, '2024-08-30 14:54:57', '2024-12-30 19:47:23', 'Y'),
(180, 1, 1, 'BSNL குவாட்டர்ஸ்', 'வெங்கடேஸ்வரி', '', '200', '', '', NULL, NULL, '2024-08-30 14:55:26', '2024-12-30 19:21:42', 'Y'),
(181, 1, 1, 'புகையிலைபட்டி', 'சைமன் ராஜ்', 'அமலா', '500', '', '', NULL, NULL, '2024-08-30 14:56:00', '2024-12-30 19:46:00', 'Y'),
(182, 1, 1, 'V.S கோட்டை (மார்க்கம்பட்டி)', 'மாரிமுத்து', 'கல்பனா', '1001', '', '', NULL, NULL, '2024-08-30 14:56:32', '2024-12-30 19:46:33', 'Y'),
(183, 1, 1, 'சின்னப்பபுரம்', 'கிரேசி மேரி', 'குழந்தை ராஜ்', '500', '', '', NULL, NULL, '2024-08-30 14:56:59', '2024-12-30 19:50:38', 'Y'),
(184, 1, 1, 'திண்டுக்கல்', 'சித்தா முருகேசன்', 'ஹேமா', '201', '', '', NULL, NULL, '2024-08-30 14:57:54', '2024-12-31 20:14:19', 'Y'),
(185, 1, 1, 'ஓசி பிள்ளை நகர்', 'முருகன் ஹார்டுவேர்ஸ்', '', '200', '', '', NULL, NULL, '2024-08-30 14:58:42', '2024-12-30 19:21:26', 'Y'),
(186, 1, 1, 'சின்னப்பபுரம்', 'சீசர் ஆரோக்கியம்', '', '1000', '', '', NULL, NULL, '2024-08-30 15:02:48', '2024-12-23 18:28:00', 'Y'),
(187, 1, 1, 'முருகபவனம்', 'நிர்மலா', 'ஜெகதீசன்', '500', '', '', NULL, NULL, '2024-08-30 15:03:19', '2024-12-30 19:22:00', 'Y'),
(188, 1, 1, 'குடை பாறைப்பட்டி', 'சக்திவேல்', 'ராணி', '500', '', '', NULL, NULL, '2024-08-30 15:04:25', '2024-12-30 19:23:13', 'Y'),
(189, 1, 1, 'முருகபவனம்', 'SAVARIYAR', 'RENATH AMMAL', '250', '', '', NULL, NULL, '2024-08-30 15:04:51', '2024-09-23 19:17:15', 'Y'),
(190, 1, 1, 'முருகபவனம்', 'G. பிலிப் முருகானந்தம்', '', '500', '', '', NULL, NULL, '2024-08-30 15:05:33', '2024-12-31 20:13:44', 'Y'),
(191, 1, 1, 'மேட்டுப்பட்டி', 'சேவியர்', 'விமலா', '1000', '', '', NULL, NULL, '2024-08-30 15:06:00', '2024-12-30 19:35:05', 'Y'),
(192, 1, 1, 'மேட்டுப்பட்டி', 'தாமஸ் பீட்டர்', 'பிரியா', '10000', '', '', NULL, NULL, '2024-08-30 15:06:45', '2024-12-30 19:42:36', 'Y'),
(193, 1, 1, 'வேளாங்கண்ணி', 'ஜான்சன்', 'விண்ணரசி', '1000', '', '', NULL, NULL, '2024-08-30 15:08:15', '2024-12-23 18:27:26', 'Y'),
(194, 1, 1, 'மேட்டுப்பட்டி', 'ரூபன்', 'கமலி', '2000', '', 'மக்கார் அற்புத ராஜ் மகன்', NULL, NULL, '2024-08-30 15:09:19', '2024-12-30 19:20:55', 'Y'),
(195, 1, 1, 'குள்ளனம்பட்டி ', 'ஆரோக்கியசாமி', 'ரேசி', '501', '', '', NULL, NULL, '2024-08-30 15:09:43', '2024-12-30 19:41:29', 'Y'),
(196, 1, 1, 'பாரதிபுரம்', 'மக்கர் மகன்', 'சேசுராஜ்', '2501', '', '', NULL, NULL, '2024-08-30 15:10:27', '2024-12-30 19:40:29', 'Y'),
(197, 1, 1, 'மேட்டுப்பட்டி', 'KAKKAYAN CHINAVAR', 'RANI', '1301', '', '', NULL, NULL, '2024-08-30 15:10:55', '2024-09-23 19:17:15', 'Y'),
(198, 1, 1, 'மேட்டுப்பட்டி', 'மக்கர் மகன் அற்புதராஜ்', 'லில்லி தெரஸ்', '3000', '', '', NULL, NULL, '2024-08-30 15:11:36', '2024-12-30 19:35:54', 'Y'),
(199, 1, 1, 'முத்துராஜ் நகர்', 'வின்சென்ட்', 'திவ்யா மேரி', '501', '', 'அலெக்ஸ் மாமா', NULL, NULL, '2024-08-30 15:12:15', '2024-12-23 18:31:13', 'Y'),
(200, 1, 1, 'சின்னப்பபுரம்', 'சேசுராஜ் மகன்', 'ஆரோக்கிய நிக்ஸன்', '500', '', '', NULL, NULL, '2024-08-30 15:13:01', '2024-12-23 18:24:41', 'Y'),
(201, 1, 1, 'அம்மாபட்டி ', 'கலையரசு', 'பிச்சைமுத்து', '1001', 'Teacher', 'ஞானசௌந்தரி மகன் ராபர்ட்', NULL, NULL, '2024-08-30 15:14:16', '2025-01-19 09:24:33', 'Y'),
(202, 1, 1, 'அம்மா நகர்', 'மணியம் A.வேளாங்கண்ணி', 'சிறுமணி', '1000', '', '', NULL, NULL, '2024-08-30 15:14:44', '2024-12-23 18:28:53', 'Y'),
(203, 1, 1, 'முத்துராஜ் நகர்', 'செல்வி', 'கருப்பையா', '500', '', '', NULL, NULL, '2024-08-30 15:15:11', '2024-12-23 18:27:43', 'Y'),
(204, 1, 1, 'முத்துராஜ் நகர்', 'ஆறுமுகம்', 'மகாலட்சுமி', '500', '', '', NULL, NULL, '2024-08-30 15:15:41', '2024-12-23 18:25:26', 'Y'),
(205, 1, 1, 'முத்துராஜ் நகர்', 'மோட்ச மேரி', '', '700', '', '', NULL, NULL, '2024-08-30 15:15:58', '2024-12-23 18:24:15', 'Y'),
(206, 1, 1, 'காமலாபுரம்', 'நாகராஜன்', 'ஜோன் மலர்', '1000', '', '', NULL, NULL, '2024-08-30 15:16:40', '2024-12-30 19:24:04', 'Y'),
(207, 1, 1, 'முத்துராஜ் நகர்', 'சரவணன்', 'ராஜேஸ்வரி', '501', '', '', NULL, NULL, '2024-08-30 15:16:58', '2024-12-30 19:45:40', 'Y'),
(209, 1, 2, 'மேட்டுப்பட்டி', 'ஆரோக்கியசாமி', 'செல்வராணி', '1001', '', 'தாய்மாமன்', NULL, NULL, '2024-09-02 17:38:43', '2024-12-30 19:26:39', 'Y'),
(210, 1, 2, 'மேட்டுப்பட்டி', 'அந்தோணிசாமி', 'மரிய செல்வம்', '1100', '', 'சம்மந்தி மொய்', NULL, NULL, '2024-09-02 17:40:45', '2024-12-30 19:20:15', 'Y'),
(214, 1, 2, 'மதுரை', 'ஜெனோவா', 'ஆனந்த்', '500', '', 'கிருபா அத்தை', NULL, NULL, '2024-09-03 02:54:12', '2024-12-23 18:28:26', 'Y'),
(215, 1, 2, 'முருகபவனம்', 'கந்தவேல்', 'மஞ்சுளா', '1001', '', '', NULL, NULL, '2024-09-03 02:54:45', '2024-12-23 18:25:47', 'Y'),
(216, 1, 2, 'முருகபவனம்', 'தாமஸ் எடிசன்', 'சிறுமணி', '501', '', '', NULL, NULL, '2024-09-03 02:55:37', '2024-12-30 19:24:56', 'Y'),
(217, 1, 2, 'மீனாட்சிநாயக்கன்பட்டி', 'முத்து', '', '501', 'சலூன்', '', NULL, NULL, '2024-09-03 02:56:37', '2024-12-23 18:25:05', 'Y'),
(218, 1, 2, 'காமாட்சிபுரம்', 'ஜி மாணிக்கம்', '', '301', 'இரும்பு கடை', '', NULL, NULL, '2024-09-03 02:58:21', '2024-12-30 19:39:56', 'Y'),
(219, 1, 2, 'மீனாட்சிநாயக்கன்பட்டி', 'தங்கம்', '', '201', 'சலூன் கடை', 'மீனாட்சி சலூன்', NULL, NULL, '2024-09-03 02:59:58', '2024-12-30 19:43:46', 'Y'),
(220, 1, 2, 'நந்தவனப்பட்டி', 'ரோஸ்லின்', 'ஜெரோவின்', '1000', '', 'கிருபா அத்தை', NULL, NULL, '2024-09-03 08:48:30', '2024-12-23 18:22:02', 'Y'),
(222, 1, 2, 'குட்டது ஆரவாரம் பட்டி', 'அருளானந்து', 'செல்வி மேரி', '500', '', '', NULL, NULL, '2024-09-09 02:17:07', '2024-09-23 19:17:15', 'Y'),
(223, 1, 2, 'புகையிலைபட்டி', 'தனுஷ்லாஸ்', 'லூர்து மேரி', '1000', '', '', NULL, NULL, '2024-09-09 02:18:00', '2024-09-23 19:17:15', 'Y'),
(224, 1, 2, 'முத்துராஜ் நகர்', 'சக்திவேல்', 'மல்லிகா', '500', '', '', NULL, NULL, '2024-09-09 02:18:45', '2024-09-23 19:17:15', 'Y'),
(225, 1, 2, 'கொடை ரோடு', 'மரியராஜா', 'அமுதா', '500', '', '', NULL, NULL, '2024-09-09 02:21:48', '2024-09-23 19:17:15', 'Y'),
(226, 1, 2, 'கொடை ரோடு', 'மணியம் வேளாங்கண்ணி', '', '300', '', '', NULL, NULL, '2024-09-09 02:22:38', '2024-09-23 19:17:15', 'Y'),
(227, 1, 2, 'வடக்கு மேட்டுப்பட்டி', 'ஜான் பிரிட்டோ', 'செல்வி', '4500', 'John Electronics', '', NULL, NULL, '2024-09-09 02:23:57', '2024-09-23 19:17:15', 'Y'),
(228, 1, 2, 'திண்டுக்கல்', 'சச்சின்', 'பிளசி', '500', '', 'மாசிலாமணிபுரம்', NULL, NULL, '2024-09-09 02:26:17', '2025-01-05 14:10:59', 'Y'),
(229, 1, 2, 'வடக்கு மேட்டுப்பட்டி', 'ஜேம்ஸ்', 'ஜெயமணி', '2000', '', '', NULL, NULL, '2024-09-09 02:26:42', '2024-09-23 19:17:15', 'Y'),
(230, 1, 2, 'முத்துராஜ் நகர்', 'சங்கர்', 'இந்திராணி', '501', '', '', NULL, NULL, '2024-09-09 02:27:16', '2024-09-23 19:17:15', 'Y'),
(231, 1, 2, 'இராமையன்பட்டி', 'மணிகண்டன்', 'கங்கா', '201', '', '', NULL, NULL, '2024-09-09 02:28:12', '2024-09-23 19:17:15', 'Y'),
(232, 1, 2, 'முத்துராஜ் நகர்', 'அப்துல்', 'பானு', '201', '', '', NULL, NULL, '2024-09-09 02:28:48', '2024-09-23 19:17:15', 'Y'),
(233, 1, 2, 'முத்துராஜ் நகர்', 'ஜெயபிரகாஷ்', 'ஸ்டெல்லா', '1001', '', '', NULL, NULL, '2024-09-09 02:29:44', '2024-09-23 19:17:15', 'Y'),
(234, 1, 2, 'முத்துராஜ் நகர்', 'தாஸ்', 'ரீட்டா மேரி', '300', '', '', NULL, NULL, '2024-09-09 02:30:39', '2024-09-23 19:17:15', 'Y'),
(235, 1, 2, 'முத்துராஜ் நகர்', 'மகாலிங்கம்', 'முனியம்மாள்', '501', '', '', NULL, NULL, '2024-09-09 02:31:16', '2024-09-23 19:17:15', 'Y'),
(236, 1, 2, 'முத்துராஜ் நகர்', 'பாபு கணேஷ்', 'மித்ரன்', '201', '', 'Ilamathi Magan ', NULL, NULL, '2024-09-09 02:32:47', '2024-09-23 19:17:15', 'Y'),
(237, 1, 2, 'முத்துராஜ் நகர்', 'நாகராஜன்', 'சுஜாதா', '501', '', '', NULL, NULL, '2024-09-09 02:33:31', '2024-09-23 19:17:15', 'Y'),
(238, 1, 2, 'வடக்கு மேட்டுப்பட்டி', 'அன்பு ரோஸ்', 'ராசாத்தி', '501', '', '', NULL, NULL, '2024-09-09 02:34:14', '2024-09-23 19:17:15', 'Y'),
(239, 1, 2, 'முத்துராஜ் நகர்', 'சரவணகுமார்', 'ராஜி', '305', '', '', NULL, NULL, '2024-09-09 02:35:10', '2024-09-23 19:17:15', 'Y'),
(240, 1, 2, 'இராமையன்பட்டி', 'தண்ணி கட்டி', 'வேளாங்கண்ணி', '501', '', '', NULL, NULL, '2024-09-09 02:37:32', '2024-09-23 19:17:15', 'Y'),
(241, 1, 2, 'இராமையன்பட்டி', 'தண்ணிக்கட்டி', 'சூசைமணி மாதரசி', '501', '', '', NULL, NULL, '2024-09-09 02:39:14', '2024-09-23 19:17:15', 'Y'),
(242, 1, 2, 'முத்துராஜ் நகர்', 'சரவணகுமார்', 'அருள்மணி', '501', '', '', NULL, NULL, '2024-09-09 02:40:34', '2024-09-23 19:17:15', 'Y'),
(243, 1, 2, 'முத்துராஜ் நகர்', 'கார்த்திக்', 'அஞ்சலி', '501', '', '', NULL, NULL, '2024-09-09 02:40:53', '2024-09-23 19:17:15', 'Y'),
(244, 1, 2, 'முத்துராஜ் நகர்', 'ஆரோக்கியம்', 'ஸ்டெல்லா மேரி', '501', '', '', NULL, NULL, '2024-09-09 02:41:27', '2024-09-23 19:17:15', 'Y'),
(245, 1, 2, 'மேட்டுப்பட்டி', 'ரத்தின ஜான்சி ராணி', 'ஜோவிலா மேரி', '501', '', '', NULL, NULL, '2024-09-09 02:42:48', '2024-09-23 19:17:15', 'Y'),
(246, 1, 2, 'மேட்டுப்பட்டி', 'கிளாரா', 'ஜான் பீட்டர்', '2000', '', '', NULL, NULL, '2024-09-09 02:43:24', '2024-09-23 19:17:15', 'Y'),
(247, 1, 2, 'முத்துராஜ் நகர்', 'பால்பாண்டி', 'கலா', '300', 'Auto', '', NULL, NULL, '2024-09-09 02:43:50', '2024-09-23 19:17:15', 'Y'),
(248, 1, 2, 'முத்துராஜ் நகர்', 'சுமித்ரா', 'சந்தியா', '201', '', '', NULL, NULL, '2024-09-09 02:44:24', '2024-09-23 19:17:15', 'Y'),
(249, 1, 2, 'முத்துராஜ் நகர்', 'ரமேஷ்', 'ஜெயக்கொடி', '501', '', '', NULL, NULL, '2024-09-09 02:44:56', '2024-09-23 19:17:15', 'Y'),
(250, 1, 2, 'மேட்டுப்பட்டி', 'சகாய ஆரோக்கியராஜ்', '', '501', '', '', NULL, NULL, '2024-09-09 02:46:25', '2024-09-23 19:17:15', 'Y'),
(251, 1, 2, 'முத்துராஜ் நகர்', 'செல்வமணி', 'ஹேமா', '5000', '', '', NULL, NULL, '2024-09-09 02:47:28', '2024-09-23 19:17:15', 'Y'),
(252, 1, 2, 'சின்னப்பபுரம்', 'ஜெயராஜ்', '', '500', '', '', NULL, NULL, '2024-09-09 02:48:00', '2024-09-23 19:17:15', 'Y'),
(253, 1, 2, 'வட்டப்பாறை', 'அற்புதம் மகன்', 'பெனிகோ', '500', '', '', NULL, NULL, '2024-09-09 02:48:41', '2024-09-23 19:17:15', 'Y'),
(254, 1, 2, 'முத்துராஜ் நகர்', 'ரங்கராஜ்', 'காட்டு ராணி', '1200', '', '', NULL, NULL, '2024-09-09 02:49:30', '2024-09-23 19:17:15', 'Y'),
(255, 1, 2, 'முருகபவனம்', 'ஜான் போஸ்கோ', 'மாரீஸ்வரி', '3000', '', '', NULL, NULL, '2024-09-09 02:50:20', '2024-09-23 19:17:15', 'Y'),
(256, 1, 2, 'முருகபவனம்', 'S.S.K சுந்தர்', 'கிறிஸ்டி ', '500', '', '', NULL, NULL, '2024-09-09 02:51:55', '2024-09-23 19:17:15', 'Y'),
(257, 1, 2, 'வட்டப்பாறை', 'மரிய ஜோசப்', 'பெப்பின் கிளாரா மேரி', '500', '', '', NULL, NULL, '2024-09-09 02:52:30', '2024-09-23 19:17:15', 'Y'),
(258, 1, 2, 'முத்துராஜ் நகர்', 'ராமசாமி', '', '300', '', '', NULL, NULL, '2024-09-09 02:52:49', '2024-09-23 19:17:15', 'Y'),
(259, 1, 2, 'முத்துராஜ் நகர்', 'முருகன்', 'பொன்னம்மாள்', '151', '', '', NULL, NULL, '2024-09-09 02:53:23', '2024-09-23 19:17:15', 'Y'),
(260, 1, 2, 'முத்துராஜ் நகர்', 'தேவேந்திரன்', 'அபிராமி', '200', '', '', NULL, NULL, '2024-09-09 02:55:12', '2024-09-23 19:17:15', 'Y'),
(261, 1, 2, 'முத்துராஜ் நகர்', 'குமரேசன்', 'ஆண்டாள்', '301', '', '', NULL, NULL, '2024-09-09 02:55:59', '2024-09-23 19:17:15', 'Y'),
(262, 1, 2, 'வடக்கு மேட்டுப்பட்டி', 'அருள் டேவிட்', 'கிறிஸ்டினா ரூத் பிரியா', '500', '', '', NULL, NULL, '2024-09-09 02:57:37', '2024-09-23 19:17:15', 'Y'),
(263, 1, 2, 'முருகபவனம்', 'அந்தோணிசாமி', '', '300', '', '', NULL, NULL, '2024-09-09 02:58:16', '2024-09-23 19:17:15', 'Y'),
(264, 1, 2, 'முருகபவனம்', 'பாண்டி பஞ்சர் கடை', '', '300', '', '', NULL, NULL, '2024-09-09 02:59:26', '2024-09-23 19:17:15', 'Y'),
(265, 1, 2, 'முருகபவனம்', 'முருகன்', 'ராணி', '201', '', '', NULL, NULL, '2024-09-09 03:00:00', '2024-09-23 19:17:15', 'Y'),
(266, 1, 2, 'Y.M.R பட்டி', 'முருகேசன்', 'எமல்டா மேரி', '5000', 'பழக்கடை', 'அத்தை', NULL, NULL, '2024-09-09 03:33:59', '2024-09-23 19:17:15', 'Y'),
(267, 1, 2, 'முத்துராஜ் நகர்', 'ரமேஷ் குமார்', 'தாயம்மாள்', '1001', '', '', NULL, NULL, '2024-09-09 08:35:56', '2024-09-23 19:17:15', 'Y'),
(268, 1, 2, 'முத்துராஜ் நகர்', 'ரமேஷ் குமார்', 'நாகலட்சுமி', '1001', '', '', NULL, NULL, '2024-09-09 08:36:33', '2024-09-23 19:17:15', 'Y'),
(269, 1, 2, 'முத்துராஜ் நகர்', 'சதீஷ்குமார்', 'ரஞ்சிதா', '205', '', '', NULL, NULL, '2024-09-09 08:36:58', '2024-09-23 19:17:15', 'Y'),
(270, 1, 2, 'முத்துராஜ் நகர்', 'ரஞ்சித் குமார்', 'ராமுத்தாய்', '500', '', '', NULL, NULL, '2024-09-09 08:37:29', '2024-09-23 19:17:15', 'Y'),
(271, 1, 2, 'முருகபவனம்', 'மணிகண்டன்', 'நந்தினி பிரியா', '201', 'மளிகை கடை', '', NULL, NULL, '2024-09-09 08:39:44', '2024-09-23 19:17:15', 'Y'),
(272, 1, 2, 'முத்துராஜ் நகர்', 'முருகேசன்', 'செல்வராணி', '201', '', '', NULL, NULL, '2024-09-09 08:40:16', '2024-09-23 19:17:15', 'Y'),
(273, 1, 2, 'முத்துராஜ் நகர்', 'வெங்கடேஷ் குமார்', 'சக்தி மாரி', '500', '', '', NULL, NULL, '2024-09-09 08:40:40', '2024-09-23 19:17:15', 'Y'),
(274, 1, 2, 'முத்துராஜ் நகர்', 'தாமரைச்செல்வன்', 'செண்பக பிரியா', '500', '', '', NULL, NULL, '2024-09-09 08:40:59', '2024-09-23 19:17:15', 'Y'),
(275, 1, 2, 'திண்டுக்கல்', 'பாஸ்கரன் ஞானம்', '', '206', '', '', NULL, NULL, '2024-09-10 06:28:20', '2024-09-23 19:17:15', 'Y'),
(276, 1, 2, 'இராமையன்பட்டி', 'செபஸ்தியார் மகன் வேளாங்கண்ணி', 'ஜோஸ்பின் பௌலா', '250', '', '', NULL, NULL, '2024-09-10 06:29:23', '2024-09-23 19:17:15', 'Y'),
(277, 1, 2, 'வடக்கு மேட்டுப்பட்டி', 'மரிய லூயிஸ்', 'ஜான்சி', '500', '', '', NULL, NULL, '2024-09-10 06:29:56', '2024-09-23 19:17:15', 'Y'),
(278, 1, 2, 'முத்துராஜ் நகர்', 'வின்சென்ட்', 'திவ்யா மேரி', '500', '', '', NULL, NULL, '2024-09-10 06:30:31', '2024-09-23 19:17:15', 'Y'),
(279, 1, 2, 'சின்னப்பபுரம்', 'சீசர்', 'சசிகலா', '1000', '', '', NULL, NULL, '2024-09-10 06:31:21', '2024-09-23 19:17:15', 'Y'),
(280, 1, 2, 'இராமையன்பட்டி', 'சிறுமணி', '', '201', '', '', NULL, NULL, '2024-09-10 06:35:38', '2024-09-23 19:17:15', 'Y'),
(281, 1, 2, 'தாமரைக்குளம்', 'சைமன்', 'சுதா ரீனா', '500', '', '', NULL, NULL, '2024-09-10 06:36:36', '2024-09-23 19:17:15', 'Y'),
(282, 1, 2, 'வடக்கு மேட்டுப்பட்டி', 'சைமன் பாபு', 'ஜூலியட் மேரி', '1000', '', '', NULL, NULL, '2024-09-10 06:37:13', '2024-09-23 19:17:15', 'Y'),
(283, 1, 2, 'முத்துராஜ் நகர்', 'மோட்ச மேரி', '', '500', '', '', NULL, NULL, '2024-09-10 06:40:03', '2024-09-23 19:17:15', 'Y'),
(284, 1, 2, 'முத்துராஜ் நகர்', 'முனீஸ்வரி', '', '200', '', '', NULL, NULL, '2024-09-10 06:40:35', '2024-09-23 19:17:15', 'Y'),
(285, 1, 2, 'வடக்கு மேட்டுப்பட்டி', 'ஆனந்த் அற்புதராஜ்', 'விண்ணரசி', '500', '', '', NULL, NULL, '2024-09-10 06:41:56', '2024-09-23 19:17:15', 'Y'),
(286, 1, 2, 'Y.M.R பட்டி', 'செல்வம்', 'ரேவதி', '1000', '', '', NULL, NULL, '2024-09-10 06:44:46', '2024-09-23 19:17:15', 'Y'),
(287, 1, 2, 'Y.M.R பட்டி', 'மகேஸ்வரி', 'ரவீந்திரன்', '500', '', '', NULL, NULL, '2024-09-10 06:45:23', '2024-09-23 19:17:15', 'Y'),
(288, 1, 2, 'மேட்டுப்பட்டி', 'காக்காயன் சேசு அந்தோணி', '', '1005', '', '', NULL, NULL, '2024-09-10 06:48:46', '2024-09-23 19:17:15', 'Y'),
(289, 1, 2, 'மேட்டுப்பட்டி', 'பாலாஜி', 'ரூபி ஜெய கிறிஸ்டி', '1000', '', '', NULL, NULL, '2024-09-10 06:50:14', '2024-09-23 19:17:15', 'Y'),
(290, 1, 2, 'குள்ளனம்பட்டி ', 'மக்கர் மகள் ரேசி', '', '501', '', '', NULL, NULL, '2024-09-10 06:52:21', '2024-09-23 19:17:15', 'Y'),
(291, 1, 2, 'முத்துராஜ் நகர்', 'ஆரோக்கியதாஸ்', 'ஸ்வேதா', '501', '', '', NULL, NULL, '2024-09-10 06:57:35', '2024-09-23 19:17:15', 'Y'),
(292, 1, 2, 'முத்துராஜ் நகர்', 'சேசுராஜ்', 'ரோஸி', '301', '', '', NULL, NULL, '2024-09-10 06:57:58', '2024-09-23 19:17:15', 'Y'),
(293, 1, 2, 'முத்துராஜ் நகர்', 'பாலு', '', '101', '', '', NULL, NULL, '2024-09-10 06:59:41', '2024-09-23 19:17:15', 'Y'),
(294, 1, 2, 'மேட்டுப்பட்டி', 'பர்மா அமல்ராஜ்', 'அந்தோணி மேரி', '500', '', '', NULL, NULL, '2024-09-10 07:01:08', '2024-09-23 19:17:15', 'Y'),
(295, 1, 2, 'முத்துராஜ் நகர்', 'கிறிஸ்துராஜ்', 'வசந்தா மேரி', '500', '', '', NULL, NULL, '2024-09-10 07:02:29', '2024-09-23 19:17:15', 'Y'),
(296, 1, 2, 'வேடப்பட்டி', 'இருதயராஜ்', 'அந்தோணியம்மாள்', '501', '', '', NULL, NULL, '2024-09-10 07:03:12', '2024-09-23 19:17:15', 'Y'),
(297, 1, 2, 'வேடப்பட்டி', 'சகாயராஜ்', 'சாந்தி', '205', '', '', NULL, NULL, '2024-09-10 07:19:17', '2024-09-23 19:17:15', 'Y'),
(298, 1, 2, 'பாரதிபுரம்', 'மக்கர் மகன்', 'சேசுராஜ்', '2000', '', '', NULL, NULL, '2024-09-10 16:57:16', '2024-12-30 19:40:58', 'Y'),
(299, 1, 2, 'முத்துராஜ் நகர்', 'பாண்டி', 'மீனா', '1000', '', '', NULL, NULL, '2024-09-10 16:57:54', '2024-09-23 19:17:15', 'Y'),
(300, 1, 2, 'முத்துராஜ் நகர்', 'ஜோசப் ராஜ்', 'மோனிகா', '1111', '', '', NULL, NULL, '2024-09-10 16:59:47', '2024-09-23 19:17:15', 'Y'),
(301, 1, 2, 'சின்னப்பபுரம்', 'ஆரோக்கியசாமி', '', '501', '', '', NULL, NULL, '2024-09-10 17:00:32', '2024-09-23 19:17:15', 'Y'),
(302, 1, 2, 'V.S கோட்டை (மார்க்கம்பட்டி)', 'மாரிமுத்து', 'கல்பனா', '200', '', '', NULL, NULL, '2024-09-10 17:01:11', '2024-09-23 19:17:15', 'Y'),
(303, 1, 2, 'முருகபவனம்', 'ஈஸ்வரன்', 'குமரம்மாள்', '1001', '', '', NULL, NULL, '2024-09-10 17:01:57', '2024-09-23 19:17:15', 'Y'),
(304, 1, 2, 'முத்துராஜ் நகர்', 'சரவணகுமார்', 'நாகேஸ்வரி', '301', '', '', NULL, NULL, '2024-09-10 17:02:50', '2024-09-23 19:17:15', 'Y'),
(305, 1, 2, 'முத்துராஜ் நகர்', 'ஆறுமுகம்', 'மகாலட்சுமி', '201', '', '', NULL, NULL, '2024-09-10 17:04:30', '2024-09-23 19:17:15', 'Y'),
(306, 1, 2, 'முருகபவனம்', 'அருளானந்து பீட்டர்', 'சிவரஞ்சனி', '301', '', '', NULL, NULL, '2024-09-10 17:05:50', '2024-09-23 19:17:15', 'Y'),
(307, 1, 2, 'மேட்டுப்பட்டி', 'ஆரோக்கியதாஸ்', 'விண்ணரசி', '3000', 'காந்திகிராமம் ஹாஸ்பிடல்', '', NULL, NULL, '2024-09-10 17:09:04', '2024-09-23 19:17:15', 'Y'),
(308, 1, 2, 'மேட்டுப்பட்டி', 'லாரன்ஸ்', 'ராசம்மா', '300', 'பெயிண்டர்', '', NULL, NULL, '2024-09-10 17:10:50', '2024-09-23 19:17:15', 'Y'),
(309, 1, 2, 'மேட்டுப்பட்டி', 'பாலு', 'விஜி', '300', '', '', NULL, NULL, '2024-09-10 17:12:10', '2024-09-23 19:17:15', 'Y'),
(310, 1, 2, 'கிறிஸ்து நகர்', 'செல்வராஜ்', 'சலேத் ராணி', '500', '', 'T.R.S', NULL, NULL, '2024-09-11 02:56:40', '2024-09-23 19:17:15', 'Y'),
(311, 1, 2, 'மேட்டுப்பட்டி', 'மக்கார் மகன் அற்புதராஜ்', 'லில்லி தெரஸ்', '1000', '', '', NULL, NULL, '2024-09-11 02:58:03', '2025-09-03 18:09:51', 'Y'),
(312, 1, 2, 'முத்துராஜ் நகர்', 'பாக்கியம் மகன் அருள்', 'பிரியா', '500', '', '', NULL, NULL, '2024-09-11 02:59:00', '2024-09-23 19:17:15', 'Y'),
(313, 1, 2, 'முத்துராஜ் நகர்', 'ஸ்டெல்லா', '', '500', 'மீன் கடை', '', NULL, NULL, '2024-09-11 03:00:14', '2024-09-23 19:17:15', 'Y'),
(314, 1, 2, 'மேட்டுப்பட்டி', 'மக்கார் சந்தியாகு', 'பிலோமி', '1001', '', '', NULL, NULL, '2024-09-11 03:02:18', '2024-09-23 19:17:15', 'Y'),
(315, 1, 2, 'கரிசல்பட்டி', 'மதன்', 'வினிலா', '1001', '', '', NULL, NULL, '2024-09-11 03:03:28', '2024-09-23 19:17:15', 'Y'),
(316, 1, 2, 'முத்துராஜ் நகர்', 'சந்தியாகு', 'வேளாங்கண்ணி', '200', 'மீன் கடை', '', NULL, NULL, '2024-09-11 03:04:26', '2024-09-23 19:17:15', 'Y'),
(317, 1, 2, 'கொசவப்பட்டி', 'இஸ்ரவேல்', 'சவரியம்மாள்', '1001', '', '', NULL, NULL, '2024-09-11 03:07:55', '2024-09-23 19:17:15', 'Y'),
(318, 1, 2, 'மேட்டுப்பட்டி', 'சகாயம்', 'ரக்கினி', '201', '', '', NULL, NULL, '2024-09-11 03:10:59', '2024-09-23 19:17:15', 'Y'),
(319, 1, 2, 'மேட்டுப்பட்டி', 'துரை', 'லட்சுமி', '201', 'டெய்லர்', '', NULL, NULL, '2024-09-11 03:13:12', '2024-09-23 19:17:15', 'Y'),
(320, 1, 2, 'இராமையன்பட்டி', 'ஜேசுதாஸ்', 'ரஞ்சிதா மேரி', '1000', 'அட்வகேட்', '', NULL, NULL, '2024-09-11 03:14:51', '2024-09-23 19:17:15', 'Y'),
(321, 1, 2, 'Y.M.R பட்டி', 'கண்ணன்', 'விமலா', '201', '', '', NULL, NULL, '2024-09-11 03:16:34', '2024-09-23 19:17:15', 'Y'),
(322, 1, 2, 'M.G.R நகர் (மொட்டணம் பட்டி ரோடு)', 'ராஜி அம்மா', 'வேளாங்கண்ணி மாமியார்', '550', '', '', NULL, NULL, '2024-09-11 03:17:31', '2024-09-23 19:17:15', 'Y'),
(323, 1, 2, 'மேட்டுப்பட்டி', 'மக்கார் தாமஸ் பீட்டர்', 'பிரியா', '5001', '', '', NULL, NULL, '2024-09-11 03:20:55', '2024-09-23 19:17:15', 'Y'),
(324, 1, 1, 'மேட்டுப்பட்டி', 'கருப்பட்டி சேவியர்', 'விமலா', '1000', '', '', NULL, NULL, '2024-09-11 03:21:27', '2024-09-23 19:17:15', 'Y'),
(325, 1, 2, 'நாகப்பட்டினம்', 'ஜான்சன்', 'விண்ணரசி', '500', '', '', NULL, NULL, '2024-09-11 03:22:54', '2024-09-23 19:17:15', 'Y'),
(326, 1, 2, 'முருகபவனம்', 'ராமையா', 'மேரி', '200', '', 'மேரி அப்பாயி', NULL, NULL, '2024-09-11 03:23:43', '2024-09-23 19:17:15', 'Y'),
(327, 1, 2, 'திண்டுக்கல்', 'மெல்யூர்', 'நிர்மலா மேரி', '500', '', '', NULL, NULL, '2024-09-11 03:25:01', '2024-09-23 19:17:15', 'Y'),
(328, 1, 2, 'முத்துராஜ் நகர்', 'சின்னப்பொண்ணு மகள்', 'ராணி', '500', '', '', NULL, NULL, '2024-09-11 03:25:40', '2024-09-23 19:17:15', 'Y'),
(329, 1, 2, 'கொட்டப்பட்டி', 'மேகவர்ணம்', 'சுபா', '2000', '', '', NULL, NULL, '2024-09-11 03:26:14', '2024-09-23 19:17:15', 'Y'),
(330, 1, 2, 'KK நகர்', 'ரகுமான்', '', '308', '', '', NULL, NULL, '2024-09-11 03:26:38', '2024-09-23 19:17:15', 'Y'),
(331, 1, 2, 'சென்னை', 'சாமுவேல்', 'அனிதா', '500', '', '', NULL, NULL, '2024-09-11 03:27:13', '2024-09-23 19:17:15', 'Y'),
(346, 19, 31, 'ஒட்டுப்பட்டி', 'முதன்மை செல்வம்', 'உமா', '1000', '', '', NULL, NULL, '2024-11-22 07:26:20', '2024-11-22 07:26:20', 'Y'),
(347, 19, 31, 'ஒட்டுப்பட்டி', 'தவமணி', 'அபி', '2000', '', '', NULL, NULL, '2024-11-22 07:26:54', '2024-11-22 07:26:54', 'Y'),
(348, 19, 31, 'ஒட்டுப்பட்டி', 'பெருமாள் நாயகர் மகன் P. குருசாமி', 'முத்துலட்சுமி', '1000', '', '', NULL, NULL, '2024-11-22 07:28:02', '2024-11-22 07:28:02', 'Y'),
(349, 19, 31, 'ஒட்டுப்பட்டி', 'சன்னாசி மகன் பெருமாள்', 'வேல்மயில்', '500', '', '', NULL, NULL, '2024-11-22 07:31:22', '2024-11-22 07:31:22', 'Y'),
(350, 19, 31, 'ஒட்டுப்பட்டி', 'முனியசாமி', 'சுகந்தி', '1000', '', '', NULL, NULL, '2024-11-22 07:32:08', '2024-11-22 07:32:08', 'Y'),
(351, 19, 31, 'ஒட்டுப்பட்டி', 'மீசை டீக்கடை கிருஷ்ணன் மகள் பஞ்சம்மாள்', '', '1001', '', '', NULL, NULL, '2024-11-22 08:38:11', '2024-11-22 08:38:32', 'Y'),
(352, 19, 31, 'ஒட்டுப்பட்டி', 'குமார்', 'சூர்யா ( டீக்கடை)', '501', '', '', NULL, NULL, '2024-11-22 08:39:48', '2024-11-22 08:39:48', 'Y'),
(353, 19, 31, 'ஒட்டுப்பட்டி', 'ராமர்', 'ஜக்கம்மா', '500', '', '', NULL, NULL, '2024-11-22 08:40:27', '2024-11-22 08:40:27', 'Y'),
(354, 19, 31, 'ஒட்டுப்பட்டி', 'கசாவடி மகன் முருகன்', '', '501', '', '', NULL, NULL, '2024-11-22 08:40:58', '2024-11-22 08:40:58', 'Y'),
(355, 19, 31, 'சிங்கார கோட்டை', 'V.ஹரி கிருஷ்ணன்(AVC)', '', '1000', '', '', NULL, NULL, '2024-11-22 08:41:55', '2024-11-22 08:41:55', 'Y'),
(356, 19, 31, 'ஒட்டுப்பட்டி', 'V M K ரமேஷ் குமார்', 'ஜெயலட்சுமி', '700', '', '', NULL, NULL, '2024-11-22 08:42:46', '2024-11-22 09:19:57', 'Y'),
(357, 19, 31, 'கொந்தகை', 'K.முரளி கண்ணன்', 'நந்தினி', '2001', '', '', NULL, NULL, '2024-11-22 08:43:56', '2024-11-22 08:43:56', 'Y'),
(358, 19, 31, 'சென்னை', 'R.விஜயராமன்', 'மீனா', '1000', '', '', NULL, NULL, '2024-11-22 08:44:39', '2024-11-22 08:44:39', 'Y'),
(359, 19, 31, 'ஒட்டுப்பட்டி', 'அழகுராஜா', 'அமுதா', '500', '', 'கால்நடை ஆய்வாளர்', NULL, NULL, '2024-11-22 08:45:35', '2024-11-22 08:45:35', 'Y'),
(360, 19, 31, 'சிங்காரக்கோட்டை', 'பீட்டர் முருகன்', '', '500', '', '', NULL, NULL, '2024-11-22 08:47:03', '2024-11-22 08:47:03', 'Y'),
(362, 19, 31, 'ஒட்டுப்பட்டி', 'M காமாட்சி பிள்ளை', '', '500', '', '', NULL, NULL, '2024-11-22 09:12:40', '2024-11-22 09:12:40', 'Y'),
(363, 19, 31, 'ஒட்டுப்பட்டி', 'புஷ்பம்', '', '250', '', '', NULL, NULL, '2024-11-22 09:13:09', '2024-11-22 09:13:09', 'Y'),
(364, 19, 31, 'ஒட்டுப்பட்டி', 'சுதா', 'நாகராஜ்', '500', '', '', NULL, NULL, '2024-11-22 09:13:44', '2024-11-22 09:13:44', 'Y'),
(365, 19, 31, 'ஒட்டுப்பட்டி', 'போஸ் மகன் முனியசாமி', 'பாண்டீஸ்வரி', '1000', '', '', NULL, NULL, '2024-11-22 09:14:36', '2024-11-22 09:14:36', 'Y'),
(366, 19, 31, 'ஒட்டுப்பட்டி', 'கு.ரங்கசாமி', 'விஜயலட்சுமி', '501', '', 'குண்டாசட்டி மகன்', NULL, NULL, '2024-11-22 09:16:00', '2024-11-22 09:16:00', 'Y'),
(367, 19, 31, 'ஒட்டுப்பட்டி', 'சுப்பிரமணி', 'அழகு மீனா', '500', '', '', NULL, NULL, '2024-11-22 09:16:32', '2024-11-22 09:16:32', 'Y'),
(368, 19, 31, 'சிவகங்கை', 'கோதண்டராமன்', '', '501', '', '', NULL, NULL, '2024-11-22 09:17:05', '2024-11-22 09:17:05', 'Y'),
(369, 19, 31, 'சிவகங்கை', 'R.மணிகண்டன்', '', '501', '', '', NULL, NULL, '2024-11-22 09:17:40', '2024-11-22 09:17:40', 'Y'),
(370, 19, 31, 'வாடி கிராமம்', 'P மணிகண்டன்', '', '201', '', '', NULL, NULL, '2024-11-22 09:18:09', '2024-11-22 09:18:09', 'Y'),
(371, 19, 31, 'சென்னை', 'முத்துகிருஷ்ணன்', 'பிரவீனா', '1000', '', '', NULL, NULL, '2024-11-22 09:18:36', '2024-11-22 09:18:36', 'Y'),
(372, 19, 31, 'ஒட்டுப்பட்டி', 'V M K அழகுராஜா', 'சிங்காரச் செல்வி', '700', '', '', NULL, NULL, '2024-11-22 09:19:35', '2024-11-22 09:19:35', 'Y'),
(373, 19, 31, 'ஒட்டுப்பட்டி', 'பாலன்', 'முனியம்மாள்', '500', '', '', NULL, NULL, '2024-11-22 09:20:35', '2024-11-22 09:20:35', 'Y'),
(374, 19, 31, 'சிங்காரக்கோட்டை', 'பாலச்சந்திரன்', 'அங்காள ஈஸ்வரி', '500', '', '', NULL, NULL, '2024-11-22 09:21:17', '2024-11-22 09:21:17', 'Y'),
(375, 19, 31, 'சென்னை', 'ராஜேந்திரன்', 'ஜெயமாலா', '1000', '', '', NULL, NULL, '2024-11-22 09:21:52', '2024-11-22 09:21:52', 'Y'),
(376, 19, 31, 'ஒட்டுப்பட்டி', 'சின்ன பாண்டி', 'கருப்பையா', '1000', '', '', NULL, NULL, '2024-11-22 09:22:19', '2024-11-22 09:22:19', 'Y'),
(377, 19, 31, 'ஒட்டுப்பட்டி', 'M அழகுராஜா', 'கவிதா', '500', '', '', NULL, NULL, '2024-11-22 09:22:57', '2024-11-22 09:22:57', 'Y'),
(378, 19, 31, 'ஒட்டுப்பட்டி', 'R.முருகேசன்', 'பொன்னாத்தாள்', '500', '', '', NULL, NULL, '2024-11-22 09:24:06', '2024-11-22 09:24:06', 'Y'),
(379, 19, 31, 'ஒட்டுப்பட்டி', 'P.ராஜேந்திரன்', 'முருகம்மாள்', '500', '', '', NULL, NULL, '2024-11-22 09:24:41', '2024-11-22 09:24:41', 'Y'),
(380, 19, 31, 'ஒட்டுப்பட்டி', 'V பாண்டி முருகன்', 'அழகு மீனா', '1000', '', '', NULL, NULL, '2024-11-22 09:25:18', '2024-11-22 09:25:18', 'Y'),
(381, 19, 31, 'ஒட்டுப்பட்டி', 'R.பொன்னையா TNSTC', 'பாலகிருஷ்ணவேணி', '500', '', 'TNSTCநடத்துனர்', NULL, NULL, '2024-11-22 09:27:03', '2024-11-22 09:27:03', 'Y'),
(382, 19, 31, 'ஒட்டுப்பட்டி', 'டிரைவர் கோவிந்தன் மகன் சந்திரன்', 'பாண்டிச்சேரி', '500', '', '', NULL, NULL, '2024-11-22 09:27:54', '2024-11-22 09:27:54', 'Y'),
(383, 19, 31, 'சிங்கார கோட்டை', 'M.ராஜாங்கம்', '', '1500', '', '', NULL, NULL, '2024-11-22 09:28:18', '2024-11-22 09:28:18', 'Y'),
(384, 19, 31, 'பட்டிவீரம்பட்டி', 'வடிவேல்', 'பஞ்சு', '1000', '', '', NULL, NULL, '2024-11-22 09:28:59', '2024-11-22 09:28:59', 'Y'),
(385, 19, 31, 'ஒட்டுப்பட்டி', 'P.மணிபாரதி', 'சுகன்யா', '2000', '', '', NULL, NULL, '2024-11-22 09:29:33', '2024-11-22 09:29:33', 'Y'),
(386, 19, 31, 'ஒட்டுப்பட்டி', 'நாகலிங்கம்', 'அஜந்தா', '1000', '', '', NULL, NULL, '2024-11-22 09:30:01', '2024-11-22 09:30:01', 'Y'),
(387, 19, 31, 'ஒட்டுப்பட்டி', 'நாகராஜ்', 'முனியம்மாள்', '1500', '', '', NULL, NULL, '2024-11-22 09:30:32', '2024-11-22 09:30:32', 'Y'),
(388, 19, 31, 'ஒட்டுப்பட்டி', 'P.முனியாண்டி', 'முத்துமாரி', '500', '', '', NULL, NULL, '2024-11-22 09:31:10', '2024-11-22 09:31:10', 'Y'),
(389, 19, 31, 'ஒட்டுப்பட்டி', 'ஜெயராம்', 'செல்வி', '500', '', 'ஜிம்பா மகன்', NULL, NULL, '2024-11-22 09:31:56', '2024-11-22 09:31:56', 'Y'),
(390, 19, 31, 'ஒட்டுப்பட்டி', 'பாண்டி', 'நாச்சியார்', '1000', '', '', NULL, NULL, '2024-11-22 09:32:28', '2024-11-22 09:32:28', 'Y'),
(391, 19, 31, 'ஒட்டுப்பட்டி', 'பாண்டி செல்வம்', 'பாண்டியம்மாள்', '500', '', 'பருத்தி வியாபாரம்', NULL, NULL, '2024-11-22 09:33:48', '2024-11-22 09:33:48', 'Y');
INSERT INTO `gp_moi_master_records` (`mr_id`, `mr_um_id`, `mr_function_id`, `mr_city_id`, `mr_first_name`, `mr_second_name`, `mr_amount`, `mr_occupation`, `mr_remarks`, `seimurai`, `things`, `mr_create_dt`, `mr_update_dt`, `mr_active`) VALUES
(392, 19, 31, 'ஒட்டுப்பட்டி', 'E B கண்ணன்', 'உமா', '1000', '', '', NULL, NULL, '2024-11-22 09:34:34', '2024-11-22 09:34:34', 'Y'),
(393, 19, 31, 'ஒட்டுப்பட்டி', 'நாகநாதன்(முதன்மை)', '', '501', '', '', NULL, NULL, '2024-11-22 09:35:13', '2024-11-22 09:35:13', 'Y'),
(394, 19, 31, 'ஒட்டுப்பட்டி', 'கோ.பாலகுரு', 'செல்வி', '1000', '', '', NULL, NULL, '2024-11-22 09:36:04', '2024-11-22 09:36:04', 'Y'),
(395, 19, 31, 'சென்னை', 'L K முருகன்', 'சத்யா', '1000', '', '', NULL, NULL, '2024-11-22 09:36:41', '2024-11-22 09:36:41', 'Y'),
(396, 19, 31, 'சென்னை', 'P.கிருஷ்ணமூர்த்தி', 'சுதா', '1000', '', '', NULL, NULL, '2024-11-22 09:37:15', '2024-11-22 09:37:15', 'Y'),
(397, 19, 31, 'ஒட்டுப்பட்டி', 'சன்னாசி மகன் முருகன்', 'லட்சுமி', '500', '', '', NULL, NULL, '2024-11-22 09:37:46', '2024-11-22 09:37:46', 'Y'),
(398, 19, 31, 'சிங்காரக்கோட்டை', 'வெங்கட்ராமன் டீக்கடை', '', '200', '', '', NULL, NULL, '2024-11-22 09:38:21', '2024-11-22 09:38:21', 'Y'),
(399, 19, 31, 'சத்திரப்பட்டி', 'சங்கர்', 'முத்துலட்சுமி', '2001', '', '', NULL, NULL, '2024-11-22 09:38:47', '2024-11-22 09:38:47', 'Y'),
(400, 19, 31, 'ஒட்டுப்பட்டி', 'ஐயப்பன்', 'உமாதேவி (பீட்டர்)', '501', '', '', NULL, NULL, '2024-11-22 09:39:32', '2024-11-22 09:39:32', 'Y'),
(401, 19, 31, 'ஒட்டுப்பட்டி', 'S.பாண்டி', 'பஞ்சம்மாள் (பைனான்ஸ்)', '500', '', '', NULL, NULL, '2024-11-22 09:40:23', '2024-11-22 09:40:23', 'Y'),
(402, 19, 31, 'ஒட்டுப்பட்டி', 'வண்டி தங்கம்', '', '500', '', '', NULL, NULL, '2024-11-22 09:41:05', '2024-11-22 09:41:05', 'Y'),
(403, 19, 31, 'ஒட்டுப்பட்டி', 'தங்கமணி', 'செல்வி', '500', '', '', NULL, NULL, '2024-11-22 09:41:33', '2024-11-22 09:41:33', 'Y'),
(404, 19, 31, 'சென்னை', 'R.சரவண பாண்டி (POLICE CONSTABLE)', 'ராம் ரோஷினி', '1000', '', '', NULL, NULL, '2024-11-22 09:43:03', '2024-11-22 09:43:03', 'Y'),
(405, 19, 31, 'ஒட்டுப்பட்டி', 'R.கனி(TNSTC Driver)', 'சாந்தி', '2000', '', '', NULL, NULL, '2024-11-22 09:44:15', '2024-11-22 09:44:15', 'Y'),
(406, 19, 31, 'சிங்கார கோட்டை', 'M.பாஸ்கரன் மாவட்ட சேர்மன்', '', '2500', '', '', NULL, NULL, '2024-11-22 09:45:08', '2024-11-22 09:45:08', 'Y'),
(407, 19, 31, 'ஒட்டுப்பட்டி', 'செல்லையா', 'அஞ்சலை', '600', '', '', NULL, NULL, '2024-11-22 09:48:37', '2024-11-22 09:48:56', 'Y'),
(408, 19, 31, 'ஒட்டுப்பட்டி', 'கபிலன் மகள் சித்ரா', '', '500', '', '', NULL, NULL, '2024-11-22 09:49:43', '2024-11-22 09:49:43', 'Y'),
(409, 19, 31, 'ஒட்டுப்பட்டி', 'பால்பாண்டி', 'அமுதா மைக் செட்', '2000', '', 'V M S sound service', NULL, NULL, '2024-11-22 09:50:47', '2024-11-22 09:50:47', 'Y'),
(410, 19, 31, 'ஒட்டுப்பட்டி', 'கற்பகவேல்', 'பழனியம்மாள்', '2001', '', '', NULL, NULL, '2024-11-22 09:51:12', '2024-11-22 09:51:12', 'Y'),
(411, 19, 31, 'ஒட்டுப்பட்டி', 'மாயகிருஷ்ணன்', 'சங்கரம்மாள்', '3000', '', '', NULL, NULL, '2024-11-22 09:51:37', '2024-11-22 09:51:37', 'Y'),
(412, 19, 31, 'முருகனேரி', 'வீரசின்னு', 'சுப்புலட்சுமி', '500', '', '', NULL, NULL, '2024-11-22 09:52:23', '2024-11-22 09:52:23', 'Y'),
(413, 19, 31, 'திண்டுக்கல் கொட்டாம்பட்டி', 'பாலசுப்பிரமணி', 'ஈஸ்வரி', '1000', '', '', NULL, NULL, '2024-11-22 09:53:23', '2024-11-22 09:53:23', 'Y'),
(414, 19, 31, 'சிவகங்கை', 'குமார்', 'கிருஷ்ணவேணி', '1001', '', '', NULL, NULL, '2024-11-22 09:54:08', '2024-11-22 09:54:08', 'Y'),
(415, 19, 31, 'சிவகங்கை', 'ராஜேந்திரன்', 'சாந்தா', '501', '', '', NULL, NULL, '2024-11-22 09:54:38', '2024-11-22 09:54:38', 'Y'),
(416, 19, 31, 'மதுரை (பறவை)', 'உதயகுமார்', 'கீதா', '5000', '', '', NULL, NULL, '2024-11-22 09:55:22', '2024-11-22 09:55:22', 'Y'),
(417, 19, 31, 'காந்திபுரம்', 'சென்றாயன்', 'அம்மாளு', '1001', '', '', NULL, NULL, '2024-11-22 09:55:59', '2024-11-22 09:55:59', 'Y'),
(418, 19, 31, 'ஒட்டுப்பட்டி', 'முனியசாமி', 'முருகேஸ்வரி', '500', '', '', NULL, NULL, '2024-11-22 09:56:30', '2024-11-22 09:56:30', 'Y'),
(419, 19, 31, 'ஒட்டுப்பட்டி', 'முத்துராமலிங்கம்', 'சுதா', '200', '', '', NULL, NULL, '2024-11-22 09:56:54', '2024-11-22 09:56:54', 'Y'),
(420, 19, 31, 'ஒட்டுப்பட்டி', 'ரவி', 'சிவகாமி', '501', '', '', NULL, NULL, '2024-11-22 09:57:18', '2024-11-22 09:57:18', 'Y'),
(421, 19, 31, 'ஒட்டுப்பட்டி', 'நாகேந்திரன்', 'வசந்தா', '200', '', '', NULL, NULL, '2024-11-22 09:57:41', '2024-11-22 09:57:41', 'Y'),
(422, 19, 31, 'சென்னை', 'தங்கப்பாண்டி', 'சின்னதாய்', '501', '', '', NULL, NULL, '2024-11-22 09:58:10', '2024-11-22 09:58:10', 'Y'),
(423, 19, 31, 'சங்கரெட்டிகோட்டை', 'S விஜேந்திரன்', 'தங்க புஷ்பம்', '1000', '', '', NULL, NULL, '2024-11-22 09:59:08', '2024-11-22 09:59:08', 'Y'),
(424, 19, 31, 'முருகனேரி', 'வீரசின்னு', 'செல்வி', '1000', '', '', NULL, NULL, '2024-11-22 09:59:51', '2024-11-22 09:59:51', 'Y'),
(425, 19, 31, 'மதுரை (பறவை)', 'K.கணேசன்', 'ரம்யா', '501', '', '', NULL, NULL, '2024-11-22 10:00:41', '2024-11-22 10:00:41', 'Y'),
(426, 19, 31, 'நல்லாம்பிள்ளை', 'துரைப்பாண்டி', '', '501', '', '', NULL, NULL, '2024-11-22 10:01:09', '2024-11-22 10:01:09', 'Y'),
(427, 19, 31, 'சிங்கார கோட்டை', 'சந்திரன்', 'சாந்தி', '600', '', '', NULL, NULL, '2024-11-22 10:01:38', '2024-11-22 10:01:38', 'Y'),
(428, 19, 31, 'மதுரை (வண்டியூர்)', 'சரவணகுமார்', '', '1001', '', '', NULL, NULL, '2024-11-22 10:02:06', '2024-11-22 10:02:06', 'Y'),
(429, 19, 31, 'மதுரை (வண்டியூர்)', 'P.விஜய்', 'சுப்புலட்சுமி', '1001', '', '', NULL, NULL, '2024-11-22 10:02:43', '2024-11-22 10:02:43', 'Y'),
(430, 19, 31, 'பழையனூர்', 'J.விக்னேஷ்', '', '501', '', '', NULL, NULL, '2024-11-22 10:03:17', '2024-11-22 10:03:17', 'Y'),
(431, 19, 31, 'கூடத்துப்பட்டி', 'பெரிய கருப்பன்', '', '1000', '', '', NULL, NULL, '2024-11-22 10:03:49', '2024-11-22 10:03:49', 'Y'),
(432, 19, 31, 'சென்னை', 'சின்ன பாண்டி', 'வசந்தி', '500', '', '', NULL, NULL, '2024-11-22 10:04:19', '2024-11-22 10:04:19', 'Y'),
(433, 19, 31, 'முருகனேரி', 'கண்ணன்', 'முருகேஸ்வரி', '1000', '', '', NULL, NULL, '2024-11-22 10:05:48', '2024-11-22 10:05:48', 'Y'),
(434, 19, 31, 'காரைக்குடி', 'பாலமுருகன்', 'தீபஜோதி', '15001', '', '', NULL, NULL, '2024-11-22 10:07:08', '2024-11-22 10:07:08', 'Y'),
(435, 19, 31, 'வாடி கிராமம்', 'K முருகேசன்', 'நாகவல்லி', '1001', '', '', NULL, NULL, '2024-11-22 10:08:31', '2024-11-22 10:08:31', 'Y'),
(436, 19, 31, 'வாடி கிராமம்', 'தண்டபாணி', 'பாண்டியம்மாள்', '501', '', '', NULL, NULL, '2024-11-22 10:10:02', '2024-11-22 10:10:02', 'Y'),
(437, 19, 31, 'வாடி கிராமம்', 'கணேசன்', 'பூமாரி', '501', '', '', NULL, NULL, '2024-11-22 10:10:39', '2024-11-22 10:10:39', 'Y'),
(438, 19, 31, 'வாடி கிராமம்', 'முருகேசன்', 'சாந்தி', '301', '', '', NULL, NULL, '2024-11-22 10:11:35', '2024-11-22 10:11:35', 'Y'),
(439, 19, 31, 'வாடி கிராமம்', 'சரவணன்', 'சுமதி', '700', '', '', NULL, NULL, '2024-11-22 10:12:07', '2024-11-22 10:12:07', 'Y'),
(440, 19, 31, 'சென்னை', 'R R V ராஜேஷ்', 'தவபாண்டி', '2000', '', '', NULL, NULL, '2024-11-22 10:12:49', '2024-11-22 10:13:06', 'Y'),
(441, 19, 31, 'கோயம்புத்தூர்', 'காளீஸ்வரி', 'ஸ்ரீனிவாசன்', '7001', '', '', NULL, NULL, '2024-11-22 10:13:42', '2024-11-22 10:13:42', 'Y'),
(442, 19, 31, 'ஒத்தக்கடை', 'ராமமூர்த்தி', 'ஈஸ்வரி', '7001', '', '', NULL, NULL, '2024-11-22 10:14:15', '2024-11-22 10:14:15', 'Y'),
(443, 19, 31, 'ஒத்தக்கடை', 'ஆனந்த சுந்தரபாண்டியன்', '', '20001', '', '', NULL, NULL, '2024-11-22 10:21:00', '2024-11-22 10:21:00', 'Y'),
(444, 19, 31, 'பித்தளப்பட்டி', 'பவித்ரா', 'ரூபின் கண்ணன்', '1001', '', '', NULL, NULL, '2024-11-22 10:36:15', '2024-11-22 10:36:15', 'Y'),
(445, 19, 31, 'சிங்கார கோட்டை', 'அறிவழகன் (கேபிள்ஸ்)', '', '500', '', '', NULL, NULL, '2024-11-22 10:36:57', '2024-11-22 10:36:57', 'Y'),
(446, 19, 31, 'சென்னை', 'நகையா', 'விஜயலட்சுமி', '1000', '', '', NULL, NULL, '2024-11-22 10:37:34', '2024-11-22 10:37:34', 'Y'),
(447, 19, 31, 'காந்திபுரம்', 'முருகன் (டிரைவர்)', 'செல்வி', '1000', '', '', NULL, NULL, '2024-11-22 10:38:16', '2024-11-22 10:38:16', 'Y'),
(448, 19, 31, 'ஒட்டுப்பட்டி', 'அழகுராஜா (POLICE)', 'பாண்டி செல்வி', '500', '', '', NULL, NULL, '2024-11-22 10:39:03', '2024-11-22 10:39:03', 'Y'),
(449, 19, 31, 'சித்தரேவு', 'K.சிவசாமி', 'லட்சுமி', '1000', '', '', NULL, NULL, '2024-11-22 10:40:34', '2024-11-22 10:40:34', 'Y'),
(518, 47, 58, 'வடகாடு', 'ந.முத்துராசு செட்டியார்', '', '5000', '', '', NULL, NULL, '2025-07-31 04:14:56', '2025-07-31 04:17:50', 'Y'),
(519, 47, 58, 'வடகாடு', 'கோ. காசி ராமலிங்கம்', '', '250', '', '', NULL, NULL, '2025-07-31 04:18:40', '2025-07-31 04:18:40', 'Y'),
(529, 55, 67, 'ASD', 'PRAKASH', 'SOWNADRY', '500', 'DFSD', '', 'Money', NULL, '2025-12-10 05:34:53', '2025-12-10 05:34:53', 'Y');

-- --------------------------------------------------------

--
-- Table structure for table `gp_moi_notifications`
--

CREATE TABLE `gp_moi_notifications` (
  `n_id` int(10) NOT NULL,
  `n_um_id` int(10) NOT NULL COMMENT 'User ID from gp_moi_user_master table',
  `n_title` varchar(255) CHARACTER SET utf8mb3 COLLATE utf8mb3_general_ci NOT NULL,
  `n_body` text CHARACTER SET utf8mb3 COLLATE utf8mb3_general_ci NOT NULL,
  `n_type` varchar(20) NOT NULL DEFAULT 'general' COMMENT 'Notification type: moi, moiOut, function, account, settings, general',
  `n_is_read` char(1) NOT NULL DEFAULT 'N' COMMENT 'Read status: Y=Read, N=Unread',
  `n_read_time` timestamp NULL DEFAULT NULL COMMENT 'Timestamp when notification was read',
  `n_create_dt` timestamp NOT NULL DEFAULT current_timestamp() COMMENT 'Notification creation timestamp',
  `n_update_dt` timestamp NOT NULL DEFAULT current_timestamp() ON UPDATE current_timestamp() COMMENT 'Last update timestamp',
  `n_active` char(1) NOT NULL DEFAULT 'Y' COMMENT 'Active status: Y=Active, N=Deleted/Inactive'
) ENGINE=InnoDB DEFAULT CHARSET=latin1 COLLATE=latin1_swedish_ci;

--
-- Dumping data for table `gp_moi_notifications`
--

INSERT INTO `gp_moi_notifications` (`n_id`, `n_um_id`, `n_title`, `n_body`, `n_type`, `n_is_read`, `n_read_time`, `n_create_dt`, `n_update_dt`, `n_active`) VALUES
(1, 31, 'கடவுச்சொல் புதுப்பிப்பு நினைவூட்டல்', 'உங்கள் கடவுச்சொல் 3 மாதங்களுக்கு மேல் மாற்றப்படவில்லை. உங்கள் கணக்கின் பாதுகாப்பை உறுதிப்படுத்த, தயவுசெய்து உங்கள் கடவுச்சொல்லை மாற்றவும்.', 'account', 'Y', '2025-12-09 03:36:59', '2025-12-09 03:30:01', '2025-12-09 03:36:59', 'Y'),
(3, 46, 'கடவுச்சொல் புதுப்பிப்பு நினைவூட்டல்', 'உங்கள் கடவுச்சொல் 3 மாதங்களுக்கு மேல் மாற்றப்படவில்லை. உங்கள் கணக்கின் பாதுகாப்பை உறுதிப்படுத்த, தயவுசெய்து உங்கள் கடவுச்சொல்லை மாற்றவும்.', 'account', 'N', NULL, '2025-12-09 03:30:03', '2025-12-09 03:30:03', 'Y'),
(5, 1, 'கடவுச்சொல் புதுப்பிப்பு நினைவூட்டல்', 'உங்கள் கடவுச்சொல் 3 மாதங்களுக்கு மேல் மாற்றப்படவில்லை. உங்கள் கணக்கின் பாதுகாப்பை உறுதிப்படுத்த, தயவுசெய்து உங்கள் கடவுச்சொல்லை மாற்றவும்.', 'account', 'Y', '2025-12-10 18:16:03', '2025-12-10 03:30:00', '2025-12-10 18:16:03', 'Y'),
(16, 46, 'கடவுச்சொல் புதுப்பிப்பு நினைவூட்டல்', 'உங்கள் கடவுச்சொல் 3 மாதங்களுக்கு மேல் மாற்றப்படவில்லை. உங்கள் கணக்கின் பாதுகாப்பை உறுதிப்படுத்த, தயவுசெய்து உங்கள் கடவுச்சொல்லை மாற்றவும்.', 'account', 'N', NULL, '2025-12-10 03:30:02', '2025-12-10 03:30:02', 'Y');

-- --------------------------------------------------------

--
-- Table structure for table `gp_moi_out_master`
--

CREATE TABLE `gp_moi_out_master` (
  `mom_id` int(10) NOT NULL,
  `mom_user_id` int(10) NOT NULL,
  `mom_first_name` varchar(50) NOT NULL,
  `mom_second_name` varchar(50) NOT NULL,
  `mom_city` varchar(100) NOT NULL,
  `mom_function_date` date NOT NULL,
  `mom_function_name` varchar(50) CHARACTER SET utf8mb3 COLLATE utf8mb3_bin NOT NULL,
  `mom_amount` varchar(10) NOT NULL,
  `mom_remarks` varchar(100) NOT NULL,
  `seimurai` enum('Money','Thinks') DEFAULT NULL,
  `things` text DEFAULT NULL,
  `mom_create_dt` timestamp NOT NULL DEFAULT current_timestamp(),
  `mom_update_dt` timestamp NOT NULL DEFAULT current_timestamp() ON UPDATE current_timestamp(),
  `mom_status` char(1) NOT NULL DEFAULT 'Y'
) ENGINE=InnoDB DEFAULT CHARSET=utf8mb4 COLLATE=utf8mb4_bin;

--
-- Dumping data for table `gp_moi_out_master`
--

INSERT INTO `gp_moi_out_master` (`mom_id`, `mom_user_id`, `mom_first_name`, `mom_second_name`, `mom_city`, `mom_function_date`, `mom_function_name`, `mom_amount`, `mom_remarks`, `seimurai`, `things`, `mom_create_dt`, `mom_update_dt`, `mom_status`) VALUES
(2, 1, 'சரவணகுமார்', 'அருள்', 'முத்துராஜ் நகர்', '2024-05-08', 'கவின் ஜெனி காதுகுத்து', '500', 'Year 2022', 'Money', NULL, '2024-08-30 14:43:11', '2025-12-06 17:36:33', 'Y'),
(3, 1, 'அந்தோணி ராஜ்', 'வனிதா மேரி', 'வடக்கு மேட்டுப்பட்டி', '2024-05-01', 'புதுமனை விழா', '555', '', 'Money', NULL, '2024-08-30 15:19:47', '2025-12-06 17:36:33', 'Y'),
(4, 1, 'பிரிட்டோ', 'செல்வி', 'வடக்கு மேட்டுப்பட்டி', '2024-08-30', 'பிளசி கல்யாணம்', '3333', '', 'Money', NULL, '2024-08-30 15:20:49', '2025-12-06 17:36:33', 'Y'),
(5, 1, 'பிளசி', 'சச்சின்', 'வடக்கு மேட்டுப்பட்டி', '2024-08-30', 'பிளசி கல்யாணம்', '1111', '', 'Money', NULL, '2024-08-30 15:21:44', '2025-12-06 17:36:33', 'Y'),
(6, 1, 'மகாலிங்கம்', 'முனியம்மாள்', 'முத்துராஜ் நகர்', '2024-09-03', 'ரஞ்சிதா கல்யாணம்', '2001', 'கல்யாணம் நடந்தது மதுரையில்', 'Money', NULL, '2024-08-30 15:22:47', '2025-12-09 19:43:47', 'Y'),
(7, 1, 'பாண்டி', 'மீனா', 'முத்துராஜ் நகர்', '2024-09-04', 'துர்கா கல்யாணம்', '1001', '', 'Money', NULL, '2024-08-30 15:23:59', '2025-12-06 17:36:33', 'Y'),
(8, 1, 'சைமன் ராஜ்', 'அமலா', 'புகையிலைப்பட்டி', '2024-09-10', 'புது நன்மை', '1501', '', 'Money', NULL, '2024-08-30 15:24:40', '2025-12-06 17:36:33', 'Y'),
(9, 1, 'ராஜு', 'சாருமதி', 'Ymr பட்டி', '2024-09-10', 'காது குத்து', '1001', '', 'Money', NULL, '2024-08-30 15:25:51', '2025-12-06 17:36:33', 'Y'),
(10, 1, 'சைமன் ராஜ்', 'அமலா', 'புகையிலைப்பட்டி', '2024-07-11', 'புது நன்மை', '500', 'அமலா மகனின் புது நன்மை', 'Money', NULL, '2024-08-31 18:09:47', '2025-12-06 17:36:33', 'Y'),
(24, 34, 'கண்ணன் ', 'சுந்தரபாண்டியன் ', 'V.naduvur', '2025-02-16', 'விழா ', '500', '', 'Money', NULL, '2025-02-16 14:14:00', '2025-12-06 17:36:33', 'Y'),
(25, 35, 'Jegaan ', '', 'Pugalur Four Road', '2025-01-27', 'New Home', '200', '', 'Money', NULL, '2025-02-20 04:36:40', '2025-12-06 17:36:33', 'Y'),
(26, 35, 'Muruganatham', '', 'Pugalur Four Road', '2025-01-27', 'New Home', '500', '', 'Money', NULL, '2025-02-20 04:39:42', '2025-12-06 17:36:33', 'Y'),
(27, 1, 'அறிவு', 'பால்காரர் மகன்', 'முத்துராஜ் நகர்', '2025-03-10', 'கல்யாணம்', '300', '', 'Money', NULL, '2025-03-11 05:36:21', '2025-12-06 17:36:33', 'Y'),
(31, 1, 'ஸ்டெல்லா', 'ஜெயப்பிரகாஷ்', 'முத்துராஜ் நகர்', '2025-05-18', 'ஜான்சி', '500', 'ஜான்சி புது நன்மை', 'Money', NULL, '2025-05-21 18:39:52', '2025-12-06 17:36:33', 'Y'),
(32, 35, 'madhesh', '', 'தொழிற்பேட்டை', '2025-06-08', 'marriage ', '1000', '', 'Money', NULL, '2025-06-17 08:56:15', '2025-12-06 17:36:33', 'Y'),
(33, 46, 'moorthi sithapa', '', 'THIRUMANGALAKKOTTAI KEELAIYUR ', '2025-06-27', 'kadhani vizha', '1000', 'new', 'Money', NULL, '2025-06-28 02:11:29', '2025-12-06 17:36:33', 'Y'),
(34, 47, 'ந.முத்துராசு செட்டியார்', '', 'வடகாடு', '2025-07-31', 'மூவிருந்து', '7000', '', 'Money', NULL, '2025-07-31 04:16:34', '2025-12-06 17:36:33', 'Y'),
(35, 1, 'சாக்ரடீஸ்', 'புளோரா சில்வேரியா', 'மேட்டுப்பட்டி', '2025-09-04', 'திருமணம்', '2000', 'அற்புதராஜ் லில்லி தெராஸ் மகன்', 'Money', NULL, '2025-09-03 18:12:20', '2025-12-06 17:36:33', 'Y'),
(37, 1, 'ஜனனி', 'கேசவமணி', 'தாமரைபாடி', '2025-12-03', 'புதுமனை புகுவிழா', '505', '', 'Money', NULL, '2025-12-01 17:59:02', '2025-12-06 17:36:33', 'Y'),
(38, 59, 'P.ராஜா', 'செல்வி', 'மதுரை', '2018-12-06', 'இல்ல விழா', '1000', '', 'Money', NULL, '2025-12-06 05:15:14', '2025-12-06 17:36:33', 'Y'),
(42, 60, 'கூரி செல்வம் ', '', 'DINDIGUL ', '2024-12-12', 'கிடா வெட்டு ', '2000', '', NULL, NULL, '2025-12-07 03:39:34', '2025-12-07 03:39:34', 'Y'),
(43, 60, 'koori selvam', '', 'DINDIGUL ', '2025-10-16', 'kida vettu', '500', '2 nd ', NULL, NULL, '2025-12-07 03:40:36', '2025-12-07 03:40:36', 'Y'),
(44, 60, 'sathish machi', '', 'RAMNADU', '2025-12-07', 'திருமணம் ', '1001', '', NULL, NULL, '2025-12-07 03:41:36', '2025-12-07 03:41:36', 'Y'),
(45, 60, 'sekar chithappa', '', 'NALLARIKKAI', '2025-11-06', 'marriage ', '1001', '', NULL, NULL, '2025-12-07 03:42:11', '2025-12-07 03:42:11', 'Y'),
(46, 60, 'சரண்யா ', '', 'DINDIGUL ', '2025-11-06', 'கிடா வெட்டு ', '1001', '', NULL, NULL, '2025-12-07 03:42:58', '2025-12-07 03:42:58', 'Y');

-- --------------------------------------------------------

--
-- Table structure for table `gp_moi_persons`
--

CREATE TABLE `gp_moi_persons` (
  `mp_id` int(10) NOT NULL,
  `mp_um_id` int(10) NOT NULL,
  `mp_first_name` varchar(100) NOT NULL,
  `mp_second_name` varchar(100) DEFAULT NULL,
  `mp_business` varchar(150) DEFAULT NULL,
  `mp_city` varchar(100) DEFAULT NULL,
  `mp_mobile` varchar(20) DEFAULT NULL,
  `mp_create_dt` timestamp NOT NULL DEFAULT current_timestamp(),
  `mp_update_dt` timestamp NOT NULL DEFAULT current_timestamp() ON UPDATE current_timestamp(),
  `mp_active` char(1) NOT NULL DEFAULT 'Y'
) ENGINE=InnoDB DEFAULT CHARSET=utf8mb4 COLLATE=utf8mb4_general_ci;

--
-- Dumping data for table `gp_moi_persons`
--

INSERT INTO `gp_moi_persons` (`mp_id`, `mp_um_id`, `mp_first_name`, `mp_second_name`, `mp_business`, `mp_city`, `mp_mobile`, `mp_create_dt`, `mp_update_dt`, `mp_active`) VALUES
(2, 55, 'MURUGESAN', 'EMALDA MERY', 'IT SOFTWARE DEVELOPER', 'YMR PATTI', '7845456609', '2025-12-09 18:57:38', '2025-12-10 05:33:25', 'Y'),
(7, 1, 'கிருபா', 'ஞானபிரகாசம்', 'கம்ப்யூட்டர் ஆபரேட்டர்', 'முருக பவனம்', '9597883290', '2025-12-09 23:33:25', '2025-12-10 04:21:16', 'Y'),
(8, 1, 'ஜேம்ஸ்', 'ஜெயமணி', 'மளிகை கடை', 'வடக்கு மேட்டுப்பட்டி', '9659211010', '2025-12-10 04:18:57', '2025-12-10 04:18:57', 'Y'),
(9, 1, 'முருகேஸ்வரி', NULL, 'தெரியவில்லை', 'முத்தனம் பட்டி', NULL, '2025-12-10 04:22:32', '2025-12-10 04:22:32', 'Y'),
(10, 1, 'Prakash', 'Sowndarya', NULL, 'DIndigul', NULL, '2025-12-10 04:44:00', '2025-12-10 04:44:00', 'Y');

-- --------------------------------------------------------

--
-- Table structure for table `gp_moi_upcoming_functions`
--

CREATE TABLE `gp_moi_upcoming_functions` (
  `uf_id` int(5) NOT NULL,
  `uf_user_id` int(5) NOT NULL,
  `uf_date` date NOT NULL,
  `uf_name` varchar(50) CHARACTER SET utf8mb3 COLLATE utf8mb3_general_ci NOT NULL,
  `uf_place` varchar(50) CHARACTER SET utf8mb3 COLLATE utf8mb3_general_ci NOT NULL,
  `uf_invitation_url` varchar(250) NOT NULL,
  `uf_create_dt` timestamp NOT NULL DEFAULT current_timestamp(),
  `uf_update_dt` timestamp NOT NULL DEFAULT current_timestamp() ON UPDATE current_timestamp(),
  `uf_status` char(1) NOT NULL DEFAULT 'Y',
  `status` varchar(20) DEFAULT NULL
) ENGINE=InnoDB DEFAULT CHARSET=latin1 COLLATE=latin1_swedish_ci;

--
-- Dumping data for table `gp_moi_upcoming_functions`
--

INSERT INTO `gp_moi_upcoming_functions` (`uf_id`, `uf_user_id`, `uf_date`, `uf_name`, `uf_place`, `uf_invitation_url`, `uf_create_dt`, `uf_update_dt`, `uf_status`, `status`) VALUES
(2, 1, '2025-12-03', 'ஜனனி புதுமனை புகுவிழா', 'தாமரைபாடி', 'uploads/1/invitation-upcomming/file-1764611879205-3965375.jpg', '2025-12-01 17:58:02', '2025-12-06 16:46:14', 'Y', 'completed');

-- --------------------------------------------------------

--
-- Table structure for table `gp_moi_user_master`
--

CREATE TABLE `gp_moi_user_master` (
  `um_id` int(10) NOT NULL,
  `um_full_name` varchar(50) CHARACTER SET utf8mb3 COLLATE utf8mb3_bin NOT NULL,
  `um_password` varchar(250) NOT NULL,
  `um_password_changed_at` timestamp NULL DEFAULT NULL,
  `um_mobile` varchar(10) NOT NULL,
  `um_email` varchar(75) NOT NULL,
  `um_profile_image` varchar(255) DEFAULT NULL,
  `um_last_login` timestamp NOT NULL DEFAULT current_timestamp(),
  `um_otp` varchar(6) DEFAULT NULL,
  `um_notification_token` varchar(255) DEFAULT NULL,
  `um_otp_exp` varchar(25) DEFAULT NULL,
  `um_create_dt` timestamp NOT NULL DEFAULT current_timestamp(),
  `um_update_dt` timestamp NOT NULL DEFAULT current_timestamp() ON UPDATE current_timestamp(),
  `um_status` char(1) NOT NULL DEFAULT 'Y'
) ENGINE=InnoDB DEFAULT CHARSET=latin1 COLLATE=latin1_swedish_ci;

--
-- Dumping data for table `gp_moi_user_master`
--

INSERT INTO `gp_moi_user_master` (`um_id`, `um_full_name`, `um_password`, `um_password_changed_at`, `um_mobile`, `um_email`, `um_profile_image`, `um_last_login`, `um_otp`, `um_notification_token`, `um_otp_exp`, `um_create_dt`, `um_update_dt`, `um_status`) VALUES
(1, 'GNANA PRAKASAM', '$2a$10$hYDAo.jD/ALucO9SNq9xrOF.7.K3aIqTf6OZeV37H2.b5GWe.2fTa', '2024-07-18 08:27:23', '7845456609', 'agprakash406@gmail.com', 'uploads/1/profile/profile-1765260774697-505229041.jpg', '2025-12-10 18:38:57', '6634', 'dx9EwvUYTeyWh83eEls8s8:APA91bHVsBdoDy_tgI2t31J38HVgBHufNM4N6dyZde7gpYvfJdG7zVC8lzJ59b99fDNQYlJDuLF8XdgDw713r7VacHrVfXbBOKl2pNUO7pO1AcOCXMj5lBI', '1764242503', '2024-07-18 08:27:23', '2025-12-10 18:38:57', 'Y'),
(10, 'DINESH', '$2y$10$eDTyVMHMuzQcM/szIzpfYODo0kWnKOpKKY.ArdjFvjZBBzvb.HNKq', '2024-09-13 12:23:46', '8122675801', 'dineshkumar25.ddk@gmail.com', NULL, '2024-09-13 15:23:37', NULL, '', NULL, '2024-09-13 12:23:46', '2025-11-29 20:13:33', 'Y'),
(17, 'P SANTHOSHRAJ', '$2y$10$ctQqAqLktyqo1pkQPqR8veocodi27vPJ06HDHjlLXIT2UM.KbS0/K', '2024-09-18 13:50:25', '9087471277', 'bccnmart@gmail.com', NULL, '2024-09-18 13:50:25', NULL, '', NULL, '2024-09-18 13:50:25', '2025-11-29 20:13:33', 'Y'),
(18, 'LOGU', '$2y$10$UvrPcm0FeIcVR02l1iJdW.IEyFWBdXM25ypLiNOPlNji5et5aEwoO', '2024-09-21 10:19:28', '9976791028', 'eeelogu11490@gmail.com', NULL, '2024-09-21 10:20:23', NULL, '', NULL, '2024-09-21 10:19:28', '2025-11-29 20:13:33', 'Y'),
(19, 'SARAVANAN', '$2y$10$OM1gkqj07ugGibS2nNVbT.gPKaFo.4Kz3Zci4.UI/m1SMzghZygam', '2024-10-03 02:54:52', '8220105076', 'saravanan0894@gmail.com', NULL, '2024-11-22 07:21:32', '778630', '', '1731897968', '2024-10-03 02:54:52', '2025-11-29 20:13:33', 'Y'),
(22, 'KOWSALYA', '$2a$10$VWnSl0g0YTQm13bljDqx6udRrrGLMVJ2i5LDmyby4Z7cseN6IpDmK', '2025-01-02 00:01:41', '6381377512', 'kowsalya25071996@gmail.com', NULL, '2025-01-02 00:02:01', NULL, '', NULL, '2025-01-02 00:01:41', '2025-11-29 20:13:33', 'Y'),
(23, 'JAYAPRAKASH B', '$2a$10$CZdOs8EWtLVNQ4OzqoABlO4ou4brqXWPoigDHJFkfTtFr.ywQWwIa', '2025-01-02 06:20:59', '8098985612', 'bjayaprakash75@gmail.com', NULL, '2025-01-02 06:21:15', NULL, '', NULL, '2025-01-02 06:20:59', '2025-11-29 20:13:33', 'Y'),
(31, 'RENZO ROWAN', '$2a$10$wwE89VQzgT/57OfBb0o8IOInvIv3VPQLk3mOzg4i3lwBsaPZMbVYC', '2025-01-18 18:40:19', '9876543216', 'renzorowan1@gmail.com', 'uploads/31/profile/profile-1764450771308-772510806.jpg', '2025-12-08 15:41:39', NULL, 'eSHk7Pu2TGaM48i8y6mZ1t:APA91bHm43sWRYxNy0wa-uBMzJ6vlcADTVeSnotlewFJGgBfbee-nXFPqmurImT0qh4g2I-ORhKq1F-tXAwO1qsWg56cA0_TYatbXJbrR-MH82spf7usfYA', NULL, '2025-01-18 18:40:19', '2025-12-09 03:37:32', 'Y'),
(32, 'ABI ARJU', '$2a$10$Xu5WxH.Atx7xyIH.cDaL8OU09ueDjys4b1B7a40N5jN2Ww24KIyXu', '2025-02-04 06:04:58', '9789402227', 'abiarju36@gmail.com', NULL, '2025-02-04 06:05:32', NULL, 'eFeBnyM8SCKbJu2lnSPcbK:APA91bH09BQUgwxKdKu6NTLJo31kgd4xvmvzQDKextleIepi8hmrlU9cc3oAdVMwQc3VVd1roTjIt3UTBSKwP5a44x-nQH2lpII9br03DzlTxmH-mN-h_k8', NULL, '2025-02-04 06:04:58', '2025-11-29 20:13:33', 'Y'),
(33, 'KARTHIKEYAN', '$2a$10$NWa0DiABAWuwMXnO8LHPA.CVWLc8mNfT9JNsFlxrhtGL/7fTKKN0i', '2025-02-04 20:47:10', '8056511475', 'tkarthik8656@gmail.com', NULL, '2025-02-04 20:47:39', NULL, 'd8qEEi1MTRCTwXbk40RJty:APA91bHdM7TZ8mRSSyH2GyPQlcTWAmkQ61vSFuUo2qaCNTRfBDOxykF_Pr3qJmWB3fhs6qGZVSHqctrw_M8ciWa3ooIouxkyVFh5UBZqNnsLFu1k4mPskAc', NULL, '2025-02-04 20:47:10', '2025-11-29 20:13:33', 'Y'),
(34, 'JEGADEESAN', '$2a$10$FQJdd8O0meH1MHJIfZnpseHx5xry22yUiwa.Zmo/vSXxGOxUmbM4y', '2025-02-16 14:09:56', '9487639047', 'jegadeesan528@gmail.com', NULL, '2025-02-19 13:04:43', NULL, 'dXFE1r9rSVCk4kn2G9UbZD:APA91bE2q8bIzrgVNqs1eMKtMkbBL4RdUPl3Lz34JdS1uvTa7uRnW_JAbHuMDg3hQPdRalhna5YZWR6r2yiIjVAjDmGdxm33GBSBU-VpXAgjHqHSdcSO1Ig', NULL, '2025-02-16 14:09:56', '2025-11-29 20:13:33', 'Y'),
(35, 'BOOPATHI', '$2a$10$k17mvz9ZZuQ4TyQRYns3yeyXXcG4D.UTVLDomI5vh/qMPsdI25tPW', '2025-02-20 04:34:49', '8608505183', 'boopathibaskar1104@gmail.com', NULL, '2025-06-17 08:54:34', '7537', 'dk-WEMGgTqGGwWcMgf9xIQ:APA91bEWZgPdP_QAtw9ECyRRgdADAPVojFbY5ihIZyhur6fy8b0aJ14MckN3tMnGL5LbDegB05vF4gvdIKUKAF996LSqFFs8ra_62HkqaZOtj4QMvmLbo4A', '1746342509', '2025-02-20 04:34:49', '2025-11-29 20:13:33', 'Y'),
(36, 'VIVEK', '$2a$10$2b/tycxBWslcSITObnwVoOvvu0mOnv/Xbx4Tqko2LVMt5ch.eYaky', '2025-03-03 03:19:45', '7397004496', 'suvekavivek@gmail.com', NULL, '2025-03-10 03:35:32', NULL, 'e9Bw6pf6RNqdOnBOgRFy0P:APA91bG4K8MbOU2bZTPSEDkAm0UDQbufAsDs7l7cL7TIBTO15o0DedoH8yNT5Rao8TjNgAocpJlPBLPbgl0YWv4Tbgacf1WEJEEhGD3VIB3yRJENzNenUdw', NULL, '2025-03-03 03:19:45', '2025-11-29 20:13:33', 'Y'),
(46, 'PRIYANGA', '$2a$10$J1dS5YyFbPZqbC/XF.Tx.uMKAVZyHGUxbLaQbYftzWO5mloZxO6Jq', '2025-06-28 02:08:44', '9345089270', 'bpriyanga2013@gmail.com', NULL, '2025-06-28 02:09:51', NULL, 'einHjPrtS-GQx38mftQtse:APA91bFr54Ah_i6WcHEOG08NnrwRPth5-5rEAyZ9Xn1FXar0wZENSbBlCFavK6PZIUZWDBEsb5oxYoMdbyiyK3W9lXfMfpNM1ROUzRWN3aDtmt2MBxt22D4', NULL, '2025-06-28 02:08:44', '2025-11-29 20:13:33', 'Y'),
(47, 'B KRISHNA', '$2a$10$TwnKA0li8DQcX0SHsMh3BeBDSi2B72Vckt14H5ZxlL6dP6FBdCwle', '2025-07-31 04:09:12', '9940955808', 'kmoorthy362@gmail.com', NULL, '2025-07-31 04:09:45', NULL, 'd9fkO37jTZSsKq_NPInpa9:APA91bHL4l7xP9sJ4GsDT8pkZj6_-8p9-mvk5JRNHFVDDFPKRelq2u1mS2rrY0JFD8o-Y1rARUROi7IkFdqsmwsoxdAhvTtlZ-Eo0PTeOvQvAn3ZmGoaWf4', NULL, '2025-07-31 04:09:12', '2025-11-29 20:13:33', 'Y'),
(48, 'KARUNAMOORTHY', '$2a$10$ejk9/daHXdoOgaqkIJjiWORhekzy24VGNnP3Et1/vvohS2yvJkKUy', '2025-09-17 17:39:17', '9042833328', 'karunarajaram33@gmail.com', NULL, '2025-09-17 17:40:07', NULL, 'fUi-hMQsSoOGicpG3D6Rg7:APA91bFsQNFHnFVNux6aDPQumYY_APtEBRIg55J1ON21nrpCcIcdgQMxYC8eYtTXF07MkSlEkVGdIQ6cdUdce2vJ0jR64iKS65N7VNygYGVtWCI2CpUJlT0', NULL, '2025-09-17 17:39:17', '2025-11-29 20:13:33', 'Y'),
(54, 'DHARMENDHIRAN', '$2a$10$z/t4WChCOMtowZP8jI601OgdgcwSWNrJSYrQbh8T1gyGfhQXXFXU6', '2025-11-30 16:50:39', '8072053727', 'dharmendhiran810@gmail.com', 'uploads/54/profile/profile-1764521406459-264848278.jpg', '2025-12-03 12:31:12', NULL, 'er1eK4i4TNGHiIrVIkNGhC:APA91bGAPOsTzw4py8ctipsCl7Ds-MfN0YYj0H1xs3mBmnnZh7-UtZyYABM1Ees5BRtCDPQcnZDSsLxr30bGE80p1KLxHUVJ15aDbBGaRhS4hkbF6V7Jy4Q', NULL, '2025-11-29 04:48:00', '2025-12-03 12:31:14', 'Y'),
(55, 'Guest User', '$2a$10$WpWmrs7YA.RsIJTgb293eOVm97JcJx.VaJM9gTt0kbxjHuyb6nvbG', '2025-11-30 06:36:12', '9876543211', 'guest@gmail.com', 'uploads/55/profile/profile-1764620795560-938667607.jpg', '2025-12-10 05:32:13', NULL, 'f4IzbRpTQPW_rsCJ-K-j0c:APA91bFLh6LZyzKk6RamORvgPms1Q3dUqCajTgtYw-mjTqPxig4moxGP9JVxiIqHa5fpq25Rv0f5nt-rk2uiR6podBPXdeW7twEb8L19sQs3P3sKbKbE0Vk', NULL, '2025-11-30 06:36:12', '2025-12-10 05:32:14', 'Y'),
(58, 'VINCEN CHARLES', '$2a$10$6vjAGYBPeACo7zodLTDRmugFpTya.2BtrNHNj2D.t2wEP.nuoRe/K', '2025-12-03 17:56:06', '8667433021', 'vincencharles@gmail.com', NULL, '2025-12-03 17:56:19', NULL, 'cga1aD9TS3Gz_-8Ef-pQaW:APA91bF8qvimAlxPxY6pdhOE2YrwQ0MNmsF7WKABLnGDdLSV5DgnSVO04stPoYn-hj6vsqB3vnGM_Jhy3kPnUHFFkg33CVBbkQM9lqDcImObBs6QuOdboSs', NULL, '2025-12-03 17:56:06', '2025-12-03 17:56:24', 'Y'),
(59, 'Sathyaprakash', '$2a$10$8MP/CF.oJCm9TQx6I4wtKO8bFcPX6yDJF5KHc.budwjE1GCFAthXS', '2025-12-06 05:11:38', '9940030304', 'sathya@gmail.com', NULL, '2025-12-06 05:11:52', NULL, 'fC_G6Ho-T6aP58F1kHpZBr:APA91bEmZFkgfiZ8IU0v_mMlgoiCWajCyUxSAbC14yaIQEggJnfJxwcT4cJVXXiJH1oKZMb_DKg1yM43Eqc7uGDDuok52XUSqy21MpcAUM96-2WhNs8eNZI', NULL, '2025-12-06 05:11:38', '2025-12-06 05:11:56', 'Y'),
(60, 'SARAVANAN', '$2a$10$Byn5HKt3yH1Mj26SGRsBE.4Bv5fryEuhxS1ftiUezx0XUeXyu0aj.', '2025-12-06 11:59:23', '9345160921', 'saranvijay4564@gmail.com', NULL, '2025-12-07 03:37:43', NULL, 'fiLsoU2bSVOUs7gZ2HZDYA:APA91bFIdnTqJt71W2zrydN-UmmVsHNxYDuPCl272WuRniFeWnr_MmSwRJ_sPD6cNw8ZLnM5QeJ0yve2Z_QhD8_q5pz-dE2R1Cu-5pq9wk7VEX7tFE2By5A', NULL, '2025-12-06 11:59:23', '2025-12-07 03:37:43', 'Y'),
(62, 'RAJESHWARAN S', '$2a$10$0ppemowGk05tYK9FrmzTIecv0XPwulevisdJYk3FJymVorPK1tXDq', '2025-12-07 04:07:58', '7373139756', 'rajeshtrisha007@gmail.com', NULL, '2025-12-08 15:50:24', NULL, 'fT5_CRthRHiFSQzclD3xPp:APA91bG6WKL3SPCbCZifcqSvtIF9YSDbkEcVxcMHsnokwi7kyifQeA0vOcghguRaGYXPxrFRWWd0s0upPD7-k5nNi10QcgEetM5Hx8hDK5wu1fHmg1zAMq8', NULL, '2025-12-07 04:07:58', '2025-12-08 15:50:26', 'Y');

--
-- Indexes for dumped tables
--

--
-- Indexes for table `gp_moi_admin_master`
--
ALTER TABLE `gp_moi_admin_master`
  ADD PRIMARY KEY (`id`);

--
-- Indexes for table `gp_moi_credit_debit_master`
--
ALTER TABLE `gp_moi_credit_debit_master`
  ADD PRIMARY KEY (`mcd_id`),
  ADD KEY `fk_mcd_person` (`mcd_person_id`),
  ADD KEY `fk_mcd_default_function` (`mcd_function_id`);

--
-- Indexes for table `gp_moi_default_functions`
--
ALTER TABLE `gp_moi_default_functions`
  ADD PRIMARY KEY (`mdf_id`);

--
-- Indexes for table `gp_moi_employee_master`
--
ALTER TABLE `gp_moi_employee_master`
  ADD PRIMARY KEY (`em_id`),
  ADD UNIQUE KEY `unique_email` (`em_email`),
  ADD UNIQUE KEY `unique_mobile` (`em_mobile`),
  ADD KEY `idx_status` (`em_status`),
  ADD KEY `idx_created_by` (`em_created_by`);

--
-- Indexes for table `gp_moi_employee_permissions`
--
ALTER TABLE `gp_moi_employee_permissions`
  ADD PRIMARY KEY (`ep_id`),
  ADD KEY `idx_employee` (`ep_em_id`),
  ADD KEY `idx_function` (`ep_function_id`),
  ADD KEY `idx_status` (`ep_status`),
  ADD KEY `idx_permission_type` (`ep_permission_type`);

--
-- Indexes for table `gp_moi_feedbacks`
--
ALTER TABLE `gp_moi_feedbacks`
  ADD PRIMARY KEY (`id`),
  ADD KEY `fk_user_id` (`user_id`);

--
-- Indexes for table `gp_moi_functions`
--
ALTER TABLE `gp_moi_functions`
  ADD PRIMARY KEY (`f_id`),
  ADD KEY `fk_fun_user_id` (`f_um_id`);

--
-- Indexes for table `gp_moi_master_records`
--
ALTER TABLE `gp_moi_master_records`
  ADD PRIMARY KEY (`mr_id`),
  ADD KEY `fk_mr_function_id` (`mr_function_id`),
  ADD KEY `fk_mr_user_id` (`mr_um_id`);

--
-- Indexes for table `gp_moi_notifications`
--
ALTER TABLE `gp_moi_notifications`
  ADD PRIMARY KEY (`n_id`),
  ADD KEY `fk_n_user_id` (`n_um_id`),
  ADD KEY `idx_n_type` (`n_type`);

--
-- Indexes for table `gp_moi_out_master`
--
ALTER TABLE `gp_moi_out_master`
  ADD PRIMARY KEY (`mom_id`),
  ADD KEY `fk_mo_user_id` (`mom_user_id`);

--
-- Indexes for table `gp_moi_persons`
--
ALTER TABLE `gp_moi_persons`
  ADD PRIMARY KEY (`mp_id`);

--
-- Indexes for table `gp_moi_upcoming_functions`
--
ALTER TABLE `gp_moi_upcoming_functions`
  ADD PRIMARY KEY (`uf_id`),
  ADD KEY `fk_mu_user_id` (`uf_user_id`);

--
-- Indexes for table `gp_moi_user_master`
--
ALTER TABLE `gp_moi_user_master`
  ADD PRIMARY KEY (`um_id`);

--
-- AUTO_INCREMENT for dumped tables
--

--
-- AUTO_INCREMENT for table `gp_moi_admin_master`
--
ALTER TABLE `gp_moi_admin_master`
  MODIFY `id` int(10) NOT NULL AUTO_INCREMENT, AUTO_INCREMENT=2;

--
-- AUTO_INCREMENT for table `gp_moi_credit_debit_master`
--
ALTER TABLE `gp_moi_credit_debit_master`
  MODIFY `mcd_id` int(10) NOT NULL AUTO_INCREMENT, AUTO_INCREMENT=44;

--
-- AUTO_INCREMENT for table `gp_moi_default_functions`
--
ALTER TABLE `gp_moi_default_functions`
  MODIFY `mdf_id` int(10) NOT NULL AUTO_INCREMENT, AUTO_INCREMENT=39;

--
-- AUTO_INCREMENT for table `gp_moi_employee_master`
--
ALTER TABLE `gp_moi_employee_master`
  MODIFY `em_id` int(10) NOT NULL AUTO_INCREMENT;

--
-- AUTO_INCREMENT for table `gp_moi_employee_permissions`
--
ALTER TABLE `gp_moi_employee_permissions`
  MODIFY `ep_id` int(10) NOT NULL AUTO_INCREMENT;

--
-- AUTO_INCREMENT for table `gp_moi_feedbacks`
--
ALTER TABLE `gp_moi_feedbacks`
  MODIFY `id` int(5) NOT NULL AUTO_INCREMENT, AUTO_INCREMENT=2;

--
-- AUTO_INCREMENT for table `gp_moi_functions`
--
ALTER TABLE `gp_moi_functions`
  MODIFY `f_id` int(10) NOT NULL AUTO_INCREMENT, AUTO_INCREMENT=70;

--
-- AUTO_INCREMENT for table `gp_moi_master_records`
--
ALTER TABLE `gp_moi_master_records`
  MODIFY `mr_id` int(10) NOT NULL AUTO_INCREMENT, AUTO_INCREMENT=530;

--
-- AUTO_INCREMENT for table `gp_moi_notifications`
--
ALTER TABLE `gp_moi_notifications`
  MODIFY `n_id` int(10) NOT NULL AUTO_INCREMENT, AUTO_INCREMENT=19;

--
-- AUTO_INCREMENT for table `gp_moi_out_master`
--
ALTER TABLE `gp_moi_out_master`
  MODIFY `mom_id` int(10) NOT NULL AUTO_INCREMENT, AUTO_INCREMENT=49;

--
-- AUTO_INCREMENT for table `gp_moi_persons`
--
ALTER TABLE `gp_moi_persons`
  MODIFY `mp_id` int(10) NOT NULL AUTO_INCREMENT, AUTO_INCREMENT=11;

--
-- AUTO_INCREMENT for table `gp_moi_upcoming_functions`
--
ALTER TABLE `gp_moi_upcoming_functions`
  MODIFY `uf_id` int(5) NOT NULL AUTO_INCREMENT, AUTO_INCREMENT=6;

--
-- AUTO_INCREMENT for table `gp_moi_user_master`
--
ALTER TABLE `gp_moi_user_master`
  MODIFY `um_id` int(10) NOT NULL AUTO_INCREMENT, AUTO_INCREMENT=67;

--
-- Constraints for dumped tables
--

--
-- Constraints for table `gp_moi_credit_debit_master`
--
ALTER TABLE `gp_moi_credit_debit_master`
  ADD CONSTRAINT `fk_mcd_default_function` FOREIGN KEY (`mcd_function_id`) REFERENCES `gp_moi_default_functions` (`mdf_id`) ON UPDATE CASCADE,
  ADD CONSTRAINT `fk_mcd_person` FOREIGN KEY (`mcd_person_id`) REFERENCES `gp_moi_persons` (`mp_id`) ON DELETE CASCADE ON UPDATE CASCADE;

--
-- Constraints for table `gp_moi_employee_permissions`
--
ALTER TABLE `gp_moi_employee_permissions`
  ADD CONSTRAINT `fk_employee_permissions_employee` FOREIGN KEY (`ep_em_id`) REFERENCES `gp_moi_employee_master` (`em_id`) ON DELETE CASCADE,
  ADD CONSTRAINT `fk_employee_permissions_function` FOREIGN KEY (`ep_function_id`) REFERENCES `gp_moi_functions` (`f_id`) ON DELETE CASCADE;

--
-- Constraints for table `gp_moi_feedbacks`
--
ALTER TABLE `gp_moi_feedbacks`
  ADD CONSTRAINT `fk_user_id` FOREIGN KEY (`user_id`) REFERENCES `gp_moi_user_master` (`um_id`) ON DELETE CASCADE ON UPDATE NO ACTION;

--
-- Constraints for table `gp_moi_functions`
--
ALTER TABLE `gp_moi_functions`
  ADD CONSTRAINT `fk_fun_user_id` FOREIGN KEY (`f_um_id`) REFERENCES `gp_moi_user_master` (`um_id`) ON DELETE CASCADE;

--
-- Constraints for table `gp_moi_master_records`
--
ALTER TABLE `gp_moi_master_records`
  ADD CONSTRAINT `fk_mr_function_id` FOREIGN KEY (`mr_function_id`) REFERENCES `gp_moi_functions` (`f_id`) ON DELETE CASCADE,
  ADD CONSTRAINT `fk_mr_user_id` FOREIGN KEY (`mr_um_id`) REFERENCES `gp_moi_user_master` (`um_id`) ON DELETE CASCADE,
  ADD CONSTRAINT `user` FOREIGN KEY (`mr_um_id`) REFERENCES `gp_moi_user_master` (`um_id`);

--
-- Constraints for table `gp_moi_notifications`
--
ALTER TABLE `gp_moi_notifications`
  ADD CONSTRAINT `fk_n_user_id` FOREIGN KEY (`n_um_id`) REFERENCES `gp_moi_user_master` (`um_id`) ON DELETE CASCADE;

--
-- Constraints for table `gp_moi_out_master`
--
ALTER TABLE `gp_moi_out_master`
  ADD CONSTRAINT `fk_mo_user_id` FOREIGN KEY (`mom_user_id`) REFERENCES `gp_moi_user_master` (`um_id`) ON DELETE CASCADE;

--
-- Constraints for table `gp_moi_upcoming_functions`
--
ALTER TABLE `gp_moi_upcoming_functions`
  ADD CONSTRAINT `fk_mu_user_id` FOREIGN KEY (`uf_user_id`) REFERENCES `gp_moi_user_master` (`um_id`) ON DELETE CASCADE;
COMMIT;

/*!40101 SET CHARACTER_SET_CLIENT=@OLD_CHARACTER_SET_CLIENT */;
/*!40101 SET CHARACTER_SET_RESULTS=@OLD_CHARACTER_SET_RESULTS */;
/*!40101 SET COLLATION_CONNECTION=@OLD_COLLATION_CONNECTION */;
